#ifndef __FONT_H__
#define __FONT_H__

/*	配合TFT_Font.h/c使用的字体-图片库
 *	取模...之类的...
 *	虽然更喜欢用SD卡和BMP显示图片就是了...
 *			——2025/8/25-15:50.秦羽
 */

/*

 !"#$%&'()*+,-./0123456789:;<=>?@ABCDEFGHIJKLMNOPQRSTUVWXYZ[\]^_`abcdefghijklmnopqrstuvwxyz{|}~

 */

/*	image2lcd取图片	单色		:垂直扫描/单色/字节内像素数据反序/高位在前
 *					RGB565	:垂直扫描/16位真彩色/高位在前
 *	PCtoLCD2002取字 : 阴码/逐列式/逆向
 */

/**/

/**/
const char pic_sunrain_2424[] = {
0X00,0X00,0X00,0X00,0XF0,0X01,0X00,0X10,0X03,0X00,0X1C,0X02,0X00,0X06,0X02,0X00,
0X03,0XF2,0X00,0X01,0X02,0X80,0X01,0X02,0X88,0X01,0XFA,0X98,0X09,0X02,0X10,0X09,
0X02,0X40,0X07,0XFA,0X20,0X06,0X02,0X30,0X04,0X02,0X37,0X0C,0X03,0X30,0XF8,0X01,
0X20,0XF0,0X00,0X60,0X0C,0X00,0XD8,0X07,0X00,0X0C,0X18,0X00,0X84,0X31,0X00,0X80,
0X00,0X00,0X80,0X00,0X00,0X00,0X00,0X00
};
/**/
const char rgb_catcake_6464[] = {
0XFF,0X5E,0XFF,0X5E,0XFF,0X5E,0XFF,0X5E,0XFF,0X5E,0XFF,0X3E,0XFF,0X1E,0XFE,0XFE,
0XFE,0XFD,0XFE,0XDD,0XFE,0XDD,0XFE,0XBD,0XFE,0XBD,0XFE,0XBE,0XF6,0XBD,0XFE,0XDE,
0XF7,0X1E,0XFF,0X3E,0XFF,0X5F,0XFF,0X5F,0XFF,0X3F,0XFF,0X3F,0XF6,0XFF,0XF6,0XDE,
0XF6,0X9E,0XF6,0X9E,0XF6,0X7E,0XF6,0X9E,0XFF,0X1F,0XFF,0X5F,0XFF,0X3F,0XFF,0X3F,
0XFF,0X3F,0XFF,0X3F,0XFF,0X1F,0XF6,0XBE,0XF6,0X9E,0XF6,0X9E,0XFE,0XFE,0XF6,0XBE,
0XF6,0XBE,0XF6,0XBD,0XFE,0XFD,0XFF,0X1D,0XFF,0X1E,0XFF,0X5E,0XFF,0X5E,0XFF,0X5E,
0XFF,0X1D,0XFE,0XFC,0XFE,0XFB,0XFE,0XFB,0XFF,0X1B,0XFF,0X1A,0XFF,0X1B,0XFF,0X3A,
0XFF,0X5C,0XFF,0X5B,0XFF,0X5A,0XFF,0X5A,0XFF,0X7B,0XFF,0X7B,0XFF,0X7B,0XFF,0X9B,
0XFF,0X5E,0XFF,0X5E,0XFF,0X5E,0XFF,0X5E,0XFF,0X3E,0XFF,0X3E,0XFF,0X1E,0XFE,0XFD,
0XFE,0XDD,0XFE,0XDD,0XFE,0XDD,0XFE,0XBD,0XFE,0XDE,0XFE,0XDE,0XFE,0XFE,0XFF,0X3E,
0XFF,0X5F,0XFF,0X5F,0XFF,0X5F,0XFF,0X5F,0XFF,0X3F,0XFF,0X3F,0XFF,0X3F,0XFF,0X1F,
0XF6,0XBE,0XF6,0X9E,0XF6,0X9E,0XF6,0X7E,0XF6,0XDF,0XF7,0X3F,0XFF,0X3F,0XFF,0X3F,
0XFF,0X3F,0XFF,0X3F,0XF6,0XFE,0XF6,0XBD,0XF6,0XDE,0XF6,0XFE,0XFF,0X5F,0XF6,0XDE,
0XF6,0XBD,0XF6,0XBD,0XFE,0XDD,0XFF,0X1E,0XFF,0X1D,0XFF,0X5E,0XFF,0X3D,0XFF,0X3D,
0XFE,0XFC,0XFE,0XFC,0XFE,0XFB,0XFE,0XFB,0XFF,0X1B,0XFE,0XFA,0XFF,0X1A,0XFF,0X3B,
0XFF,0X5B,0XFF,0X5B,0XFF,0X5A,0XFF,0X5A,0XFF,0X7A,0XFF,0X7A,0XFF,0X7A,0XFF,0X7B,
0XFF,0X5E,0XFF,0X5E,0XFF,0X5E,0XFF,0X5E,0XFF,0X1E,0XFF,0X3D,0XFF,0X1D,0XFE,0XDD,
0XFE,0XBD,0XFE,0XBD,0XFE,0XBD,0XFE,0XDD,0XFF,0X1E,0XFF,0X3E,0XFF,0X7F,0XFF,0X7F,
0XFF,0X7F,0XFF,0X5F,0XFF,0X5F,0XFF,0X5F,0XFF,0X3F,0XFF,0X3F,0XFF,0X5F,0XFF,0X5F,
0XF6,0XDE,0XF6,0XBE,0XF6,0X9D,0XF6,0X9E,0XF6,0X9E,0XF6,0XBE,0XFF,0X1F,0XFF,0X3F,
0XFF,0X1F,0XF6,0XFF,0XF6,0XBE,0XF6,0X9D,0XFF,0X1E,0XFF,0X1E,0XFF,0X5F,0XFF,0X3E,
0XF6,0XBC,0XF6,0XBD,0XF6,0XBD,0XF6,0XDD,0XFF,0X1E,0XFF,0X1D,0XF7,0X1D,0XFF,0X1D,
0XFE,0XFC,0XFE,0XFC,0XFE,0XFC,0XFE,0XFB,0XFE,0XFB,0XFE,0XFB,0XFF,0X1A,0XFF,0X1A,
0XFF,0X5C,0XFF,0X5B,0XFF,0X3A,0XFF,0X3A,0XFF,0X5A,0XFF,0X5A,0XFF,0X5A,0XFF,0X7B,
0XFF,0X7F,0XFF,0X3E,0XFF,0X3E,0XFF,0X3E,0XFE,0XBD,0XFE,0X5B,0XFE,0X5B,0XFE,0X7C,
0XFE,0X9D,0XFE,0X9C,0XF6,0X9D,0XFE,0XFD,0XFF,0X3E,0XFF,0X3E,0XFF,0X7F,0XFF,0X9F,
0XFF,0X7F,0XFF,0X9F,0XFF,0X9F,0XFF,0X7F,0XFF,0X5E,0XFF,0X7E,0XFF,0X5F,0XFF,0X5E,
0XFF,0X1F,0XF6,0XBE,0XF6,0X9D,0XF6,0X9E,0XF6,0X9E,0XF6,0X9D,0XEE,0X9D,0XDE,0X3B,
0XD5,0XDA,0XEE,0X9D,0XF6,0XBE,0XF6,0X9D,0XFF,0X1E,0XFF,0X1E,0XFF,0X3E,0XFF,0X5E,
0XFE,0XDD,0XFE,0X9D,0XFE,0X9C,0XFE,0XBC,0XFE,0XBC,0XFE,0XDC,0XFE,0XFD,0XFF,0X1D,
0XFE,0XDC,0XFE,0XDC,0XFE,0XDC,0XFE,0XDB,0XFE,0XFB,0XFE,0XFB,0XFF,0X1B,0XF7,0X1B,
0XFF,0X7D,0XFF,0X5C,0XFF,0X3B,0XFF,0X5B,0XFF,0X3A,0XFF,0X5A,0XFF,0X5B,0XFF,0X7C,
0XFF,0X1E,0XFF,0X1E,0XFE,0XFD,0XFE,0X9C,0XFD,0XFA,0XFF,0X3E,0XFE,0X3B,0XFD,0XDA,
0XFD,0XDA,0XFD,0XBA,0XFE,0X1B,0XFE,0XBC,0XFF,0X1D,0XFF,0X3E,0XFF,0X7F,0XFF,0X9F,
0XFF,0X7F,0XFF,0X9F,0XFF,0X9F,0XFF,0X7F,0XFF,0X5E,0XFF,0X5E,0XFF,0X5E,0XFF,0X5F,
0XFF,0X3F,0XFE,0XFE,0XF6,0XBD,0X9C,0X12,0X9C,0X51,0X94,0X31,0X94,0X51,0X94,0X51,
0X94,0X51,0X94,0X51,0X94,0X51,0X9C,0X31,0X9C,0X11,0XFF,0X1E,0XFF,0X1E,0XFF,0X3E,
0XFE,0XDD,0XFE,0XBD,0XFE,0X9D,0XFE,0XBD,0XFE,0XBD,0XFE,0XDD,0XFE,0XFD,0XFE,0XDC,
0XFE,0XBC,0XFE,0XBC,0XFE,0XBC,0XFE,0XDB,0XFE,0XDB,0XFE,0XFB,0XFF,0X1B,0XFF,0X5D,
0XFF,0X9E,0XFF,0XBE,0XFF,0X9E,0XFF,0X9D,0XFF,0X5C,0XFF,0X5B,0XFF,0X7B,0XFF,0X7B,
0XFE,0XFD,0XFE,0X9C,0XF5,0XFA,0XFE,0X7B,0XFF,0XDF,0XFF,0XBF,0XFF,0XDF,0XFF,0XDF,
0XFF,0XFF,0XFF,0XFF,0XFE,0X3B,0XFE,0XBC,0XFF,0X1E,0XFF,0X5E,0XFF,0X9F,0XFF,0X9F,
0XFF,0X9F,0XFF,0X9F,0XFF,0X7F,0XFF,0X5E,0XFF,0X5E,0XFF,0X5E,0XFF,0X5E,0XFF,0X5E,
0XFF,0X3E,0X9C,0X32,0X94,0X51,0X94,0X51,0X8C,0X70,0X94,0X71,0X8C,0X30,0X94,0X51,
0X94,0X71,0X8C,0X0F,0X94,0X51,0X94,0X51,0X94,0X51,0X94,0X31,0XA4,0XB3,0XEE,0XDC,
0XFE,0XFD,0XFE,0XFD,0XFE,0XDD,0XFE,0XDD,0XFE,0XDD,0XFE,0XFD,0XFE,0XDD,0XFE,0XBC,
0XFE,0X9B,0XFE,0XBC,0XFE,0XBC,0XFE,0XBC,0XFE,0XBC,0XFE,0XDB,0XFF,0X3C,0XFF,0X9E,
0XFF,0X9E,0XFF,0X9E,0XFF,0XBE,0XFF,0XBE,0XFF,0X9D,0XFF,0X7C,0XFF,0X5B,0XFF,0X5B,
0XFE,0XDD,0XFE,0X9C,0XF5,0XDA,0XFF,0XFF,0XF7,0X1D,0XF6,0X9B,0XED,0XF9,0XF5,0XDA,
0XF6,0X7B,0XF5,0XDA,0XFD,0XBA,0XFE,0X9C,0XFF,0X1E,0XFF,0X5E,0XFF,0X9F,0XFF,0X9F,
0XFF,0X9F,0XFF,0X7F,0XFF,0X7F,0XFF,0X5E,0XFF,0X5E,0XFF,0X5E,0XFF,0X5E,0XFF,0X5E,
0X9C,0X32,0X94,0X52,0X94,0X52,0XC6,0X17,0XFF,0XFF,0XFF,0XDE,0XFF,0XFF,0XFF,0XFF,
0XFF,0XFF,0XFF,0XFF,0XFF,0XFF,0XFF,0XBF,0X8C,0X31,0X94,0X51,0X94,0X51,0X94,0X51,
0XF6,0XDC,0XF6,0XBC,0XFE,0X9C,0XFE,0X9C,0XFE,0XBC,0XFE,0X9C,0XFE,0X9C,0XFE,0X9C,
0XFE,0X9B,0XFE,0X9B,0XFE,0XBC,0XFE,0XBB,0XFE,0XBB,0XFE,0XBB,0XFF,0X1C,0XFF,0X1C,
0XFF,0X1C,0XFF,0X5D,0XFF,0X5D,0XFF,0X5D,0XFF,0X7D,0XFF,0X3C,0XFF,0X3B,0XFF,0X3B,
0XFE,0XDD,0XFE,0X9C,0XF5,0XB9,0XFF,0X5E,0XFF,0XFF,0XFF,0XDF,0XFF,0XFF,0XFF,0XFF,
0XFF,0XDF,0XF6,0X5B,0XFD,0XBA,0XFE,0X9C,0XFF,0X1E,0XFF,0X1E,0XFF,0X7F,0XFF,0X9F,
0XFF,0X9F,0XFF,0X9F,0XFF,0X7F,0XFF,0X5E,0XFF,0X5E,0XFF,0X5E,0XFF,0X5E,0X9C,0X32,
0X9C,0X51,0X8C,0X51,0XFF,0XFF,0XFF,0XFF,0XFF,0XFF,0XFF,0XFF,0XFF,0XFF,0XFF,0XFF,
0XFF,0XFF,0XFF,0XFF,0XFF,0XFF,0XFF,0XFF,0XFF,0XFF,0XFF,0XFF,0X94,0X71,0X94,0X51,
0X9C,0X31,0XF6,0X9C,0XF6,0X9C,0XFE,0X7C,0XFE,0X7C,0XFE,0X9C,0XFE,0X9C,0XFE,0X9C,
0XFE,0X9C,0XFE,0X9C,0XFE,0X9C,0XFE,0XBB,0XFE,0X7B,0XFD,0XF9,0XFE,0X1A,0XFE,0X1A,
0XFE,0X1A,0XFE,0X7B,0XFE,0X5B,0XFE,0X3A,0XFE,0X5A,0XF6,0XBA,0XFE,0XFA,0XFF,0X3B,
0XFE,0XFD,0XFE,0X9C,0XFD,0XB9,0XFF,0X9E,0XFF,0X9F,0XEE,0X5B,0XF6,0X9B,0XF6,0X5B,
0XF6,0X7B,0XFF,0XDF,0XF6,0X1B,0XFE,0X7C,0XFE,0XFD,0XFF,0X1E,0XFF,0X5E,0XFF,0X7F,
0XFF,0X9F,0XFF,0X7F,0XFF,0X7F,0XFF,0X5E,0XFF,0X5E,0XFF,0X5E,0XFF,0X5E,0X9C,0X32,
0X94,0X51,0XFF,0XDF,0XFF,0XFF,0XFF,0XFF,0XFF,0XFF,0XFF,0XFF,0XCE,0X59,0XCE,0X59,
0XFF,0XFF,0XEF,0X5D,0XCE,0X59,0XFF,0XFF,0XFF,0XFF,0XFF,0XFF,0XFF,0XFF,0X94,0X51,
0X94,0X51,0X94,0X51,0XF6,0X9C,0XFE,0X7C,0XFE,0X7C,0XFE,0X7C,0XFE,0X7C,0XFE,0X9C,
0XFE,0X9C,0XFE,0X9C,0XFE,0X9C,0XFE,0XBB,0XFE,0X5A,0XFD,0XB9,0XFF,0XFF,0XFE,0X1A,
0XFF,0XBF,0XFE,0X5B,0XFF,0XDF,0XFF,0XFF,0XFF,0XDF,0XF6,0X19,0XFE,0X9A,0XFF,0X1B,
0XFE,0XDD,0XFE,0X9C,0XFE,0X1B,0XFE,0X5B,0XFF,0XBF,0XFF,0XDF,0XFF,0XDF,0XFF,0XDF,
0XFF,0XDF,0XFF,0XDF,0XFD,0X99,0XFE,0X3B,0XFE,0X9C,0XFE,0XDD,0XFF,0X1E,0XFF,0X3E,
0XFF,0X5E,0XFF,0X5E,0XFF,0X5E,0XFF,0X7F,0XFF,0X9F,0XFF,0X9F,0XFF,0X7F,0X9C,0X31,
0X94,0X51,0X94,0X51,0XC5,0XF7,0XFF,0XDF,0XFF,0XFF,0XFF,0XFF,0XCE,0X79,0XCE,0X79,
0XFF,0XFF,0XCE,0X59,0XCE,0X59,0XFF,0XFF,0XCE,0X59,0XD6,0X7A,0XFF,0XFF,0XFF,0XDF,
0X94,0X52,0X94,0X52,0X9C,0X32,0XFE,0X7C,0XFE,0X7C,0XFE,0X7C,0XFE,0X7C,0XFE,0X7C,
0XFE,0X9C,0XFE,0X9C,0XFE,0X9C,0XFE,0XDC,0XFE,0X7B,0XFD,0XD9,0XFF,0XFF,0XFF,0XBF,
0XFF,0XFF,0XFF,0XFF,0XFF,0XBE,0XF6,0X5A,0XFF,0XDF,0XFD,0XF9,0XFE,0X7A,0XFF,0X1B,
0XFE,0XDD,0XFE,0XBD,0XFE,0X5B,0XFE,0X5B,0XFF,0XFF,0XFF,0XDF,0XFF,0XFF,0XFF,0X9F,
0XFE,0XBC,0XFD,0X99,0XFD,0XFB,0XFE,0X5C,0XFE,0X9D,0XFE,0X9D,0XFE,0X9D,0XFE,0XBD,
0XFE,0XDD,0XFF,0X1E,0XFF,0X5E,0XFF,0X7F,0XFF,0X9F,0XFF,0X7F,0XFF,0X5E,0XFF,0X5E,
0X94,0X31,0X94,0X51,0X94,0X51,0X94,0X51,0X94,0X71,0X8C,0X50,0X94,0X71,0X94,0X71,
0X94,0X51,0X94,0X51,0XD6,0X59,0XFF,0XDF,0XD6,0X59,0XD6,0X9A,0XFF,0XFF,0XFF,0XFF,
0XFF,0XDF,0X94,0X72,0X94,0X51,0XF6,0X9B,0XFE,0X7C,0XFE,0X7C,0XFE,0X7C,0XFE,0X7C,
0XFE,0X9C,0XFE,0XBC,0XFE,0XFD,0XFE,0XFC,0XFE,0X7B,0XF5,0XD9,0XFF,0XFF,0XF6,0X9B,
0XFF,0XFF,0XF6,0XFC,0XFF,0XDF,0XFF,0XFF,0XFF,0XDF,0XFD,0XD9,0XFE,0X7A,0XFE,0XFB,
0XFE,0XDD,0XFE,0XBD,0XFE,0X1A,0XFD,0XB9,0XFF,0X7E,0XFE,0X9B,0XF6,0X5B,0XFF,0X5E,
0XFF,0XDF,0XFD,0X79,0XFE,0X1B,0XFE,0X9D,0XFE,0X9D,0XFE,0X9D,0XFE,0X9D,0XFE,0X9C,
0XFE,0X9D,0XFE,0XBD,0XFF,0X1E,0XFF,0X3E,0XFF,0X3E,0XFF,0X1E,0XFF,0X3E,0XFF,0X3D,
0XFF,0X3D,0XF7,0X1C,0X94,0X51,0X94,0X51,0X94,0X51,0X94,0X51,0X94,0X51,0X94,0X51,
0X94,0X51,0X94,0X51,0X94,0X70,0X94,0X70,0X94,0X51,0XFF,0XBE,0XFF,0XFF,0XFF,0XFF,
0XFF,0XFF,0XB5,0X55,0X94,0X51,0X9C,0X51,0XF6,0X9C,0XFE,0X5C,0XFE,0X5C,0XFE,0X5C,
0XFE,0X9C,0XFE,0XFD,0XFE,0XFD,0XFE,0XFC,0XFE,0X5B,0XFE,0X1A,0XFE,0XFC,0XFF,0X7E,
0XFF,0X7E,0XFD,0XD9,0XF6,0XBC,0XF6,0XBC,0XF6,0X9B,0XFD,0XB9,0XFE,0X7B,0XFE,0XFB,
0XFE,0XDD,0XFE,0XBD,0XFD,0XFB,0XFE,0XFD,0XF5,0XB9,0XFF,0X5E,0XFE,0X7B,0XFE,0XDC,
0XFF,0XBF,0XF5,0XB9,0XFE,0X9C,0XFF,0X3E,0XFF,0X3E,0XFE,0X7C,0XFE,0X9C,0XFE,0X9C,
0XFE,0X9D,0XFE,0XDD,0XFF,0X3E,0XFF,0X3E,0XFF,0X1E,0XFF,0X1E,0XFF,0X1D,0XFF,0X1D,
0XFF,0X1D,0XF7,0X1D,0XFE,0XDD,0XFE,0X9C,0XF6,0XBC,0X94,0X51,0X94,0X51,0XEE,0XFC,
0X94,0X30,0X94,0X51,0X9C,0X51,0X94,0X50,0X94,0X51,0X94,0X51,0X94,0X51,0XFF,0XDF,
0XFF,0XFF,0XFF,0XDF,0X8C,0X51,0X94,0X51,0XF6,0X5B,0XF6,0X5C,0XFE,0X5C,0XFE,0X3C,
0XFE,0XBC,0XFE,0XFD,0XFF,0X5E,0XFF,0X3D,0XFE,0X3B,0XFE,0XBC,0XFF,0XFF,0XFF,0XFF,
0XFF,0XFF,0XFF,0XFF,0XFF,0XFF,0XFF,0XFF,0XFF,0XFF,0XFD,0XF9,0XFE,0X7B,0XFE,0XFB,
0XFE,0XDD,0XFE,0X9C,0XFE,0X1B,0XFF,0XFF,0XE6,0X7B,0XFF,0XDF,0XFF,0XBE,0XFF,0XDF,
0XF6,0XDC,0XF6,0X3A,0XFD,0XFA,0XFE,0XFD,0XFF,0X7F,0XFF,0X3E,0XFE,0X7C,0XFE,0X9D,
0XFE,0XFD,0XFF,0X1E,0XFF,0X5E,0XFF,0X5E,0XFF,0X5E,0XFF,0X5E,0XFF,0X3E,0XFF,0X1D,
0XFF,0X1D,0XF7,0X1D,0XFE,0XBC,0XFE,0X9D,0XF6,0X9C,0X94,0X51,0X94,0X51,0XEE,0XBB,
0X94,0X31,0X9C,0X51,0XFE,0X5B,0XFE,0X5C,0XF6,0X9C,0X9C,0X51,0X94,0X51,0X94,0X51,
0XFF,0XDF,0XFF,0XFF,0X8C,0X51,0X94,0X51,0XFF,0X3D,0XFE,0XBC,0XFE,0X5B,0XFE,0X3C,
0XFE,0XBC,0XFE,0XDD,0XFF,0X3E,0XFF,0X1D,0XFE,0X5B,0XFD,0XB9,0XF6,0X3A,0XF7,0XFF,
0XED,0XF9,0XFF,0X7E,0XFE,0XFD,0XF5,0XB9,0XFF,0XBF,0XF5,0XF9,0XFE,0X5B,0XFE,0XDB,
0XFE,0XDD,0XFE,0X9C,0XFE,0X1B,0XFF,0XFF,0XFF,0XFF,0XFF,0XDF,0XFF,0XDF,0XFF,0XFF,
0XFF,0XFF,0XFF,0XFF,0XFE,0X1B,0XFE,0XFD,0XFF,0X7F,0XFF,0X5E,0XFE,0XDD,0XFE,0XFD,
0XFE,0XFD,0XFE,0XFD,0XFF,0X3E,0XFF,0X1E,0XFF,0X3E,0XFF,0X3E,0XFF,0X5E,0XFF,0X5E,
0XFF,0X1D,0XFF,0X1D,0XFE,0XDD,0XFE,0X9C,0XFE,0XBD,0X94,0X51,0X94,0X10,0XE6,0X39,
0X9C,0X51,0XAC,0XB3,0XFE,0X7C,0XFE,0X5C,0XFE,0X5C,0XF6,0X7C,0XAC,0X93,0X94,0X51,
0X94,0X72,0XF7,0X7D,0X8C,0X50,0X94,0X51,0X94,0X31,0X94,0X31,0XA4,0X11,0XFE,0X7C,
0XFE,0XBC,0XFE,0XFD,0XFE,0XFD,0XFE,0XDD,0XFE,0X3B,0XFE,0XBC,0XFF,0XFF,0XFF,0XFF,
0XFF,0XFF,0XFF,0XFF,0XFF,0XFF,0XFF,0XFF,0XFF,0XDF,0XF6,0X1A,0XFE,0X5B,0XFE,0X9B,
0XFE,0XFD,0XFE,0X9C,0XFD,0XB9,0XFF,0XFF,0XF5,0XDA,0XFF,0XDF,0XE5,0XD9,0XFF,0XDF,
0XF6,0X1A,0XFE,0X1A,0XFE,0X3B,0XFE,0XFD,0XFF,0X7F,0XFF,0X7F,0XFF,0X1E,0XFE,0XFD,
0XFE,0XBD,0XFE,0XDD,0XFF,0X1E,0XFF,0X1E,0XFF,0X3E,0XFF,0X3E,0XFF,0X3E,0XFF,0X5E,
0XFF,0X5E,0XFF,0X3E,0XD6,0X19,0XFE,0XBC,0XD5,0X98,0X94,0X51,0XC5,0X56,0X9B,0XD0,
0X9C,0X51,0XF6,0XDC,0XFE,0X7C,0XED,0XFA,0XAC,0X32,0X9B,0XF1,0X94,0X51,0X94,0X51,
0X94,0X51,0X94,0X51,0X94,0X71,0X94,0X51,0X94,0X51,0X94,0X51,0X94,0X51,0X94,0X31,
0X9C,0X31,0XFE,0XFD,0XFE,0XFD,0XFE,0XDC,0XFE,0X5B,0XFD,0XFA,0XFE,0X9B,0XFF,0XBF,
0XFE,0X5B,0XFE,0X5B,0XFE,0X7B,0XFE,0X5B,0XFE,0X5B,0XF5,0X98,0XFE,0X5B,0XFE,0X9B,
0XFF,0X3E,0XFE,0XBD,0XFE,0X1B,0XFE,0X7C,0XFF,0XFF,0XFF,0XFF,0XFF,0XDF,0XFF,0XFF,
0XFF,0XFF,0XFF,0XDF,0XFE,0X3B,0XFF,0X1D,0XFF,0X7F,0XFF,0X3E,0XFE,0XFD,0XFE,0XDD,
0XFE,0XBC,0XF6,0X9B,0X9C,0X52,0X94,0X31,0X94,0X51,0X94,0X51,0X94,0X71,0X94,0X51,
0X94,0X50,0X94,0X51,0X94,0X51,0X9C,0X31,0X9C,0X32,0X94,0X51,0XDE,0X39,0X9C,0X11,
0X94,0X51,0XEE,0XDC,0X94,0X11,0X94,0X51,0X94,0X51,0X94,0X51,0X94,0X51,0X94,0X51,
0X94,0X31,0X94,0X31,0XB5,0X95,0XFF,0XFF,0XFF,0XDF,0XFF,0XFF,0XAD,0X34,0X94,0X51,
0X94,0X51,0X94,0X51,0XF6,0XFC,0XFE,0XDC,0XFE,0X7C,0XFE,0X1A,0XFD,0XB9,0XFD,0X79,
0XFD,0XDA,0XFD,0XDA,0XFD,0XB9,0XFD,0XB9,0XFD,0XD9,0XFE,0X1A,0XFE,0X5B,0XFE,0XBB,
0XFF,0X7F,0XFE,0XDD,0XFE,0X3C,0XFE,0XBC,0XFF,0X5E,0XF5,0X99,0XF5,0XB9,0XF5,0X99,
0XF5,0XB9,0XFF,0XFF,0XFE,0X1B,0XFF,0X1D,0XFF,0X1E,0XFE,0XFD,0XFE,0XDD,0XFE,0XBC,
0X9B,0XF1,0X94,0X51,0X94,0X51,0X94,0X51,0X94,0X51,0X94,0X71,0X8C,0X50,0X94,0X71,
0X8C,0X30,0XB5,0X95,0XFF,0XBE,0XFF,0XDF,0X84,0X10,0X94,0X51,0XFF,0XBE,0X94,0X31,
0X94,0X51,0XFF,0XBE,0XFF,0XDF,0XE6,0XFC,0XFF,0XFF,0XFF,0XDF,0XFF,0XDF,0XFF,0XDF,
0XFF,0XDF,0XFF,0XDF,0XFF,0XDF,0XFF,0XFF,0XFF,0XFF,0XFF,0XFF,0XFF,0XFF,0XFF,0XFF,
0X94,0X51,0X94,0X51,0XAC,0XD4,0XFE,0XFD,0XFE,0X9C,0XFD,0XFA,0XFE,0X5B,0XFE,0X5B,
0XFE,0X3A,0XF5,0XFA,0XF5,0XFA,0XF6,0X7B,0XFE,0X7B,0XFD,0XD9,0XFE,0X9B,0XFE,0XBC,
0XFF,0X7F,0XFE,0XDD,0XFE,0X7C,0XFE,0XDD,0XFF,0XFF,0XFF,0XDF,0XFF,0XDF,0XFF,0XFF,
0XFF,0XDF,0XFF,0XFF,0XF5,0XDA,0XFE,0X7C,0XFE,0XDD,0XFE,0XFD,0XFE,0XDD,0XFE,0XBC,
0X94,0X31,0X94,0X51,0XA4,0XD3,0XFF,0XDF,0XFF,0XFF,0XFF,0XFF,0XFF,0XDF,0XFF,0XFF,
0XFF,0XFF,0XFF,0XFF,0XFF,0XFF,0XFF,0XFF,0XFF,0XFF,0XFF,0XFF,0XFF,0XDF,0XFF,0XBE,
0XF7,0X3D,0XFF,0XDF,0XFF,0XFF,0XFF,0XFF,0XFF,0XFF,0XFF,0XFF,0XFF,0XFF,0XFF,0XFF,
0XFF,0XFF,0XFF,0XFF,0XFF,0XFF,0XFF,0XFF,0XFF,0XFF,0XFF,0XFF,0XFF,0XFF,0XFF,0XFF,
0XFF,0XDF,0X94,0X71,0X94,0X51,0XFE,0XFD,0XFE,0X7C,0XFD,0XFA,0XFF,0X9E,0XFF,0XFF,
0XFF,0XFF,0XFF,0XFF,0XFF,0XDF,0XFF,0XDF,0XFF,0X7E,0XFD,0XFA,0XFE,0X7B,0XFE,0XBC,
0XFF,0X1E,0XFE,0XFD,0XFE,0XBD,0XF5,0XDA,0XFE,0X9B,0XF6,0X7B,0XFE,0XBC,0XFE,0XBC,
0XF6,0X9C,0XF6,0X1A,0XFD,0XFB,0XFE,0X9C,0XFE,0XFD,0XFF,0X1E,0XFE,0XDD,0XFE,0XBD,
0X94,0X51,0X94,0X51,0XFF,0XDE,0XFF,0XFF,0XFF,0XFF,0XFF,0XDF,0XFF,0X7E,0XFF,0X5D,
0XFF,0X3D,0XF7,0X3D,0XF7,0X1D,0XFF,0XFF,0XFF,0XFF,0XFF,0XFF,0XFF,0XFF,0XFF,0XFF,
0XFF,0XFF,0XFF,0XFF,0XFF,0XFF,0XFF,0XFF,0XFF,0XFF,0XFF,0XFF,0XFF,0XFF,0XFF,0XFF,
0XFF,0XFF,0XFF,0XFF,0XFF,0XFF,0XFF,0XFF,0XFF,0XFF,0XFF,0XFF,0XFF,0XFF,0XFF,0XFF,
0XFF,0XFF,0X94,0X71,0X94,0X51,0XF6,0X9C,0XFE,0X3B,0XFD,0XFA,0XFD,0X99,0XFD,0X99,
0XF5,0X99,0XF5,0X99,0XFD,0XB9,0XF5,0X98,0XF5,0X98,0XFD,0XFA,0XFF,0X3D,0XFE,0XBC,
0XFE,0XFD,0XFE,0XFD,0XFE,0XFE,0XFE,0X7C,0XFE,0X1B,0XF5,0XDA,0XF5,0X99,0XF5,0XDA,
0XFE,0XFD,0XFD,0XDA,0XFE,0X3B,0XFE,0X9C,0XFE,0XDD,0XFF,0X1E,0XFE,0XDD,0XFE,0XBD,
0X94,0X31,0X94,0X51,0X8C,0X30,0XFF,0XFF,0XFF,0XFF,0XF7,0X1D,0XFE,0XFC,0XFE,0XFD,
0XFE,0XFD,0XFE,0XFD,0XFE,0XFD,0XFF,0XFF,0XFF,0XFF,0XFF,0XFF,0XFF,0XFF,0XFF,0XFF,
0XFF,0XFF,0XFF,0XFF,0XFF,0XFF,0XFF,0XFF,0XFF,0XFF,0XFF,0XFF,0XFF,0XFF,0XFF,0XFF,
0XFF,0XFF,0XFF,0XFF,0XFF,0XFF,0XFF,0XFF,0XFF,0XFF,0XFF,0XFF,0XFF,0XFF,0XFF,0XFF,
0XFF,0XFF,0X8C,0X30,0X94,0X51,0X94,0X10,0XFE,0X3B,0XFE,0X1B,0XFE,0X1B,0XFE,0X1B,
0XFE,0X1B,0XFE,0X1B,0XFE,0X1B,0XFE,0X1B,0XFE,0X1B,0XFE,0X3B,0XFE,0X5C,0XFE,0X7C,
0XFE,0XFD,0XFE,0XFD,0XFE,0XFE,0XFE,0X3B,0XFE,0X1A,0XFF,0X9E,0XFF,0XFF,0XFF,0XFF,
0XFF,0X1D,0XFD,0XDA,0XFE,0X1B,0XFE,0X9C,0XFE,0XDD,0XFF,0X1E,0XFE,0XDD,0XFE,0XDD,
0XFE,0XDD,0X94,0X51,0X94,0X51,0XFF,0XFF,0XFF,0XFF,0XFF,0X5D,0XFE,0XFD,0XFE,0XFD,
0XFE,0XFD,0XFE,0XFD,0XFE,0XFD,0XFF,0XFF,0XFF,0XFF,0XFF,0XFF,0XFF,0XFF,0XFF,0XFF,
0XFF,0XFF,0XFF,0XFF,0XFF,0XFF,0XFF,0X9E,0XFF,0XFF,0XFF,0XFF,0XFF,0XFF,0XFF,0XFF,
0XFF,0XFF,0XFF,0XFF,0XFF,0XFF,0XFF,0XFF,0XFF,0XFF,0XFF,0XFF,0XFF,0XFF,0XFF,0XFF,
0XFF,0XFF,0XFF,0XFF,0X94,0X71,0X94,0X31,0XFE,0X3B,0XFE,0X3C,0XFE,0X3C,0XFE,0X3B,
0XFE,0X3B,0XFE,0X3B,0XFE,0X3C,0XFE,0X5C,0XFE,0X3C,0XFE,0X5C,0XFE,0X5C,0XFE,0X7C,
0XFF,0X1E,0XFE,0XDD,0XFE,0X7C,0XFE,0X3B,0XFE,0XDD,0XFF,0X1D,0XF5,0XFA,0XF5,0XD9,
0XFD,0XDA,0XFF,0XDF,0XF5,0XBA,0XFE,0X7C,0XFE,0XDD,0XFF,0X1E,0XFE,0XFD,0XFE,0XFD,
0XFE,0XDD,0X94,0X31,0X94,0X51,0X94,0X71,0XFF,0XFF,0XFF,0XFF,0XFE,0XFD,0XFE,0XFD,
0XFE,0XFD,0XFE,0XFD,0XFF,0XBF,0XFF,0XFF,0XFF,0XFF,0XFF,0XFF,0XFF,0XFF,0XFF,0XFF,
0XFF,0XFF,0XFF,0XFF,0XFE,0XFD,0XFE,0XFD,0XFE,0XFD,0XFF,0XFF,0XFF,0XFF,0XFF,0XFF,
0XFF,0XFF,0XFF,0XFF,0XFF,0XFF,0XFF,0XFF,0XFF,0XFF,0XFF,0XFF,0XFF,0XFF,0XFF,0XFF,
0XFF,0XFF,0XFF,0XDF,0X94,0X71,0X94,0X51,0XFE,0X3B,0XFE,0X3C,0XFE,0X3C,0XFE,0X3C,
0XFE,0X3C,0XFE,0X3C,0XFE,0X3C,0XFE,0X3C,0XFE,0X5C,0XFE,0X5C,0XFE,0X5C,0XFE,0X5C,
0XFF,0X3E,0XFE,0XBD,0XFD,0XFA,0XFE,0XFD,0XFE,0XFD,0XFF,0X1D,0XFF,0X1D,0XFF,0X1D,
0XFF,0X1D,0XFF,0XDF,0XF5,0XBA,0XFE,0X7C,0XFE,0XBD,0XFE,0XDD,0XFF,0X1E,0XFF,0X1E,
0XFE,0XFD,0XFE,0XFD,0X94,0X51,0X94,0X51,0XCE,0X59,0XFF,0XFF,0XFF,0XFF,0XF7,0X1D,
0XFE,0XFD,0XFF,0X3D,0XFF,0XFF,0XFF,0XFF,0XFF,0XFF,0XFF,0XFF,0X8C,0XD5,0X8D,0X39,
0X75,0X7D,0X75,0X9D,0XAD,0XFC,0XFE,0XFD,0XFF,0X1D,0XFF,0XFF,0XFF,0XFF,0XFF,0XFF,
0XFF,0XFF,0XFF,0XFF,0XFF,0XFF,0XFF,0XFF,0XFF,0XFF,0XFF,0XFF,0XFF,0XFF,0XFF,0XFF,
0XFF,0XFF,0XFF,0XDF,0X8C,0X51,0X94,0X51,0XFE,0X3B,0XFE,0X1B,0XFD,0XFB,0XFD,0XFB,
0XFD,0XFB,0XFE,0X1B,0XFE,0X1B,0XFE,0X1B,0XFE,0X1B,0XFE,0X3B,0XFE,0X3B,0XFE,0X3B,
0XFF,0X3E,0XFE,0XBC,0XF5,0XDA,0XFF,0XBF,0XFF,0XDF,0XFF,0XDF,0XFF,0XDF,0XFF,0XDF,
0XFF,0XDF,0XFF,0XDF,0XF5,0XDA,0XFE,0X7C,0XFE,0XDD,0XFE,0XDD,0XFE,0XDD,0XFF,0X3E,
0XFF,0X3E,0XFF,0X3E,0XF7,0X3D,0X94,0X51,0X94,0X51,0XFF,0XDF,0XFF,0XFF,0XFF,0XFF,
0XFF,0X9E,0XFF,0XFF,0XFF,0XFF,0XFF,0XFF,0XFF,0XFF,0X95,0X58,0XF7,0XFF,0XFF,0XFF,
0X7D,0X5B,0X75,0X9F,0X75,0X9E,0X95,0X7B,0XFF,0X1D,0XFF,0XFF,0XFF,0XFF,0XFF,0XFF,
0XFF,0XFF,0XFF,0XFF,0XFF,0XFF,0XFF,0XFF,0XFF,0XFF,0XFF,0XFF,0XFF,0XFF,0XFF,0XFF,
0XFF,0XFF,0XFF,0XFF,0X8C,0X50,0X94,0X51,0XF6,0X3B,0XF5,0XBA,0XFD,0X79,0XF5,0X79,
0XF5,0X79,0XF5,0XDA,0XFD,0XDA,0XFD,0XB9,0XFD,0X9A,0XFD,0XDA,0XFE,0X3B,0XFE,0X5C,
0XFF,0X3E,0XFE,0XFD,0XFE,0X7B,0XFE,0X3B,0XFE,0X5B,0XF6,0X1A,0XF5,0XD9,0XFD,0XFA,
0XFE,0X1A,0XFE,0X1A,0XF6,0X5B,0XF6,0XBC,0XFE,0XDD,0XFE,0XDD,0XFE,0XDD,0XFF,0X1D,
0XFF,0X5E,0XFF,0X5E,0XFF,0X7E,0XA4,0XB3,0X94,0X51,0X94,0X51,0XFF,0XFF,0XFF,0XFF,
0XFF,0XFF,0XFF,0XFF,0XFF,0XFF,0XFF,0XFF,0XFF,0XFF,0X7D,0X9E,0XF7,0XFF,0XFF,0XFF,
0X7D,0X9B,0X75,0X9F,0X6D,0X9F,0X75,0X9E,0XF7,0XBF,0XFF,0XFF,0XFF,0XFF,0XFF,0XFF,
0XFF,0XFF,0XFF,0XFF,0XFF,0XFF,0XFF,0XFF,0XFF,0XFF,0XFF,0XFF,0XFF,0XFF,0XFF,0XFF,
0XFF,0XFF,0XFF,0XFF,0X94,0X71,0X94,0X51,0XFE,0X3B,0XFD,0XBA,0XFF,0XFF,0XF5,0XFA,
0XFF,0XFF,0XFE,0X3B,0XFF,0XBF,0XFF,0XFF,0XFF,0XDF,0XFD,0XBA,0XFE,0X1B,0XFE,0X3C,
0XFF,0X5E,0XFF,0X7E,0XFF,0X5E,0XF6,0X7B,0XFE,0XFD,0XFF,0XFF,0XFF,0XFF,0XFF,0XDF,
0XFE,0X5B,0XFE,0X3B,0XFE,0X9C,0XFE,0XDD,0XFE,0XDD,0XFE,0XDD,0XFE,0XDD,0XFF,0X1E,
0XFF,0X1E,0XFF,0X1E,0XFF,0X1D,0XF7,0X1D,0X94,0X51,0X94,0X51,0X8C,0X30,0XFF,0XFF,
0XFF,0XFF,0XFF,0XFF,0XFF,0XFF,0XFF,0XFF,0XEF,0XBF,0X75,0X7D,0X75,0X7D,0X75,0X9E,
0X6D,0X9E,0X75,0X9F,0X6D,0X9F,0X6D,0X9F,0XEF,0XFF,0XFF,0XFF,0XFF,0XFF,0XFF,0XFF,
0XFF,0XFF,0XFF,0XFF,0XFF,0XFF,0XFF,0XFF,0XFF,0XFF,0XFF,0XFF,0XFF,0XFF,0XFF,0XFF,
0XFF,0XFF,0XFF,0XFF,0X8C,0X71,0X94,0X51,0XFE,0X7C,0XFD,0XDA,0XFF,0XDF,0XFF,0XBF,
0XFF,0XFF,0XFF,0XDF,0XFF,0XBF,0XFE,0XDC,0XFF,0XDF,0XFD,0XFA,0XFE,0X1B,0XFE,0X3C,
0XFF,0X9E,0XFF,0X9F,0XFF,0X1D,0XFE,0X9C,0XFE,0X3B,0XFD,0X99,0XF5,0XB9,0XFE,0XBC,
0XFF,0X1D,0XFE,0X1A,0XFE,0X5C,0XFE,0XBC,0XFE,0XDD,0XFE,0XDD,0XFE,0XDD,0XFE,0XFD,
0XFF,0X1E,0XFF,0X1E,0XF6,0XFD,0XF6,0XDD,0X94,0X31,0X94,0X51,0XFF,0XFF,0XFF,0XFF,
0XFF,0XFF,0XEF,0X7D,0XFF,0XFF,0XFF,0XFF,0XF7,0XFF,0X75,0X9E,0X75,0X7E,0X75,0X9F,
0X75,0X9F,0X6D,0X9F,0X6D,0X9F,0X6D,0X9F,0XF7,0XFF,0XFF,0XFF,0XFF,0XFF,0XFF,0XFF,
0XFF,0XFF,0XFF,0XFF,0XFF,0XFF,0XFF,0XFF,0XFF,0XFF,0XFF,0XFF,0XFF,0XFF,0XFF,0XFF,
0XFF,0XFF,0XFF,0XFF,0X8C,0X71,0X8C,0X51,0XFE,0X7C,0XFE,0X1B,0XFF,0XFF,0XF6,0XDC,
0XFF,0XDF,0XF7,0X1D,0XFF,0XDF,0XFF,0XFF,0XFF,0XFF,0XFD,0XDA,0XFE,0X1B,0XFE,0X3C,
0XFF,0X9F,0XFF,0X7E,0XFE,0X7B,0XFE,0XBC,0XF6,0X1A,0XF6,0X5B,0XFF,0X3E,0XF5,0X99,
0XF5,0X79,0XFF,0X7E,0XF5,0XBA,0XFE,0X7C,0XFE,0XDD,0XFE,0XDD,0XF6,0XBD,0XF6,0XBE,
0XFE,0XBE,0XFE,0XDE,0XF6,0XBD,0XF6,0XBD,0X9C,0X32,0X94,0X51,0XFF,0XDF,0XFF,0XFF,
0XFF,0XFF,0XD6,0X59,0XD6,0X59,0XFF,0XFF,0XFF,0XFF,0X75,0X7E,0X75,0X9E,0X75,0X9F,
0X6D,0X9F,0X6D,0X9F,0X6D,0X9F,0X75,0X9C,0XFF,0XFF,0XFF,0XFF,0XFF,0XFF,0XFF,0XFF,
0XFF,0XFF,0XFF,0XFF,0XFF,0XFF,0XFF,0XFF,0XFF,0XFF,0XFF,0XFF,0XFF,0XFF,0XFF,0XFF,
0XFF,0XFF,0XFF,0XFF,0X8C,0X71,0X94,0X30,0XFE,0X9C,0XF6,0X1A,0XF7,0X1D,0XFF,0X3D,
0XFF,0X9F,0XED,0XB9,0XFE,0XDC,0XF6,0XDC,0XFE,0XDC,0XF5,0X59,0XFD,0XFB,0XFE,0X3C,
0XFF,0XBF,0XFF,0X7E,0XFE,0X5B,0XFF,0XFF,0XFF,0X7E,0XFF,0XDF,0XF6,0XBC,0XFF,0XFF,
0XFF,0XFF,0XFF,0XDF,0XF5,0XBA,0XFE,0X7C,0XFE,0XDD,0XFE,0XDD,0XFE,0XDE,0XFE,0XBE,
0XFE,0XBE,0XFE,0XBD,0XFE,0XBD,0XF6,0XBD,0X94,0X51,0X94,0X51,0XFF,0XFF,0XFF,0XFF,
0XFF,0XFF,0XF7,0X9E,0XCE,0X59,0XFF,0XDF,0XFF,0XFF,0XF7,0XFF,0X75,0X9E,0X6D,0X9F,
0X6D,0X9F,0X6D,0X9F,0X75,0X9E,0XF7,0XFF,0XFF,0XFF,0XFF,0XFF,0XFF,0XFF,0XFF,0XFF,
0XFF,0XFF,0XFF,0XFF,0XFF,0XFF,0XFF,0XFF,0XFF,0XFF,0XFF,0XFF,0XFF,0XFF,0XFF,0XFF,
0XFF,0XFF,0XFF,0XFF,0X8C,0X71,0X94,0X51,0XFE,0X7C,0XFE,0XDD,0XFF,0XFF,0XFF,0XFF,
0XFF,0XFF,0XFF,0XFF,0XFF,0XFF,0XFF,0XFF,0XFF,0XFF,0XF5,0XB9,0XFD,0XFB,0XFE,0X3C,
0XFF,0XBF,0XFF,0X7E,0XFE,0X5B,0XFF,0XDF,0XF6,0XFC,0XFF,0XFF,0XEE,0X9B,0XFF,0XBF,
0XFF,0XDF,0XFF,0XDF,0XF5,0XBA,0XFE,0X7C,0XFE,0XDE,0XFE,0XBE,0XF6,0XBE,0XFE,0XFF,
0XF6,0XBE,0XF6,0X9D,0XF6,0X9D,0XF6,0XBD,0X94,0X51,0X8C,0X51,0XFF,0XDF,0XF7,0XBE,
0XDE,0XDA,0XFF,0XFF,0XFF,0XFF,0XFF,0XFF,0XFF,0XFF,0XFF,0XFF,0XFF,0XFF,0XCF,0X3F,
0X8D,0X99,0XD7,0X7F,0XFF,0XFF,0XFF,0XFF,0XFF,0XFF,0XFF,0XFF,0XFF,0XFF,0XFF,0XFF,
0XFF,0XFF,0XFF,0XFF,0XFF,0XFF,0XFF,0XFF,0XFF,0XFF,0XFF,0XFF,0XFF,0XFF,0XFF,0XFF,
0XFF,0XFF,0XFF,0XFF,0X8C,0X71,0X9C,0X51,0XFE,0X7B,0XFD,0XFA,0XF6,0X3B,0XFF,0XFF,
0XF5,0XD9,0XFF,0X9F,0XF6,0XDC,0XED,0XD9,0XFF,0XDF,0XFD,0XFA,0XFD,0XFB,0XFE,0X3C,
0XFF,0XDF,0XFF,0X7E,0XFE,0X5B,0XFF,0XDF,0XFF,0X7E,0XFF,0XBF,0XF7,0X7E,0XFF,0XDF,
0XFF,0XFF,0XFF,0XFF,0XF5,0XBA,0XFE,0X7C,0XF6,0XDE,0XF6,0XBD,0XFE,0XBE,0XF6,0XBE,
0XF6,0XBE,0XF6,0X9D,0XF6,0X7D,0XC5,0X57,0X94,0X31,0X94,0X71,0XFF,0XFF,0XCE,0X38,
0XD6,0X58,0XD6,0X79,0XFF,0XFF,0XFF,0XFF,0XFF,0XFF,0XFF,0XFF,0XFF,0XFF,0XFF,0XFF,
0XFF,0XFF,0XFF,0XFF,0XFF,0XFF,0XFF,0XFF,0XFF,0XFF,0XFF,0XFF,0XFF,0XFF,0XFF,0XFF,
0XFF,0XFF,0XFF,0XFF,0XFF,0XFF,0XFF,0XFF,0XFF,0XFF,0XFF,0XFF,0XFF,0XFF,0XFF,0XFF,
0XFF,0XFF,0XFF,0XFF,0X8C,0X51,0X9C,0X51,0XFE,0X3B,0XFE,0XDD,0XFF,0XDF,0XFF,0XFF,
0XFF,0XDF,0XFF,0XFF,0XFF,0XFF,0XFF,0XDF,0XFF,0XDF,0XFD,0XFA,0XFD,0XFA,0XFE,0X3C,
0XFF,0XFF,0XFF,0X9E,0XFE,0X5B,0XFF,0XFF,0XFF,0XDF,0XFF,0XDF,0XFF,0X9E,0XFF,0XFF,
0XFF,0XFF,0XFF,0XDF,0XF5,0XBA,0XFE,0X7D,0XFF,0X5F,0XFF,0X1E,0XF6,0XBE,0XF6,0XBE,
0XF6,0XBE,0XF6,0X9E,0XF6,0X9D,0X9B,0XF2,0X94,0X51,0XF7,0X5D,0XFF,0XFF,0XFF,0XDF,
0XFF,0XDF,0XF7,0X9D,0XFF,0XFF,0XFF,0XFF,0XFF,0XFF,0XFF,0XFF,0XFF,0XFF,0XFF,0XFF,
0XFF,0XFF,0XFF,0XFF,0XFF,0XFF,0XFF,0XFF,0XFF,0XFF,0XFF,0XFF,0XFF,0XFF,0XFF,0XFF,
0XFF,0XFF,0XFF,0XFF,0XFF,0XFF,0XFF,0XFF,0XFF,0XFF,0XFF,0XFF,0XFF,0XFF,0XFF,0XFF,
0XFF,0XFF,0XFF,0XFF,0X8C,0X71,0X9C,0X51,0XFD,0XFA,0XFE,0X1B,0XFE,0XBC,0XFF,0XDF,
0XFE,0X7B,0XFE,0X9B,0XFE,0X7B,0XF6,0X7B,0XFE,0X7C,0XFD,0X99,0XFE,0X7C,0XFE,0X3B,
0XFF,0XBF,0XFF,0X7E,0XFE,0X5B,0XFF,0XFF,0XFF,0XBF,0XF7,0X5D,0XEF,0X1D,0XFF,0XDF,
0XFF,0XFF,0XFF,0XDF,0XF5,0XBA,0XFE,0X7D,0XF6,0XDE,0XF6,0XBE,0XF6,0XBE,0XF6,0XBE,
0XF6,0XBE,0XF6,0X9E,0XF6,0X7D,0X9C,0X32,0X94,0X51,0XFF,0XDF,0XFF,0XFF,0XFF,0XFF,
0XEF,0X3C,0XEF,0X3C,0XFF,0XFF,0XFF,0XFF,0XFF,0XFF,0XFF,0XFF,0XFF,0XFF,0XFF,0XFF,
0XFF,0XFF,0XFF,0XFF,0XFF,0XFF,0XFF,0XFF,0XFF,0XFF,0XFF,0XFF,0XFF,0XFF,0XFF,0XFF,
0XFF,0XFF,0XFF,0XFF,0XFF,0XFF,0XFF,0XFF,0XFF,0XFF,0XFF,0XFF,0XFF,0XFF,0XFF,0XFF,
0XFF,0XFF,0XFF,0XDF,0X8C,0X71,0X9C,0X31,0XFD,0XFA,0XFD,0X99,0XFD,0X38,0XFD,0X58,
0XFD,0X78,0XFD,0X99,0XFD,0X99,0XFD,0X99,0XFD,0XB9,0XFE,0X3B,0XFF,0X5E,0XFE,0X5B,
0XFF,0X9E,0XFF,0X5E,0XF6,0X5B,0XFF,0XFF,0XFF,0XDF,0XF7,0X3D,0XEE,0XFC,0XFF,0XDF,
0XFF,0XFF,0XFF,0XFF,0XF5,0XDA,0XF6,0X7D,0XF6,0XBD,0XF6,0XBE,0XF6,0XBE,0XF6,0XBE,
0XEE,0X9D,0XDD,0XFA,0X9C,0X32,0X94,0X50,0X94,0X51,0XFF,0XDF,0XFF,0XFF,0XD6,0X79,
0XD6,0X58,0XCE,0X58,0XFF,0XFF,0XFF,0XFF,0XFF,0XFF,0XFF,0XFF,0XFF,0XFF,0XFF,0XFF,
0XFF,0XFF,0XFF,0XFF,0XFF,0XFF,0X84,0X10,0XFF,0XFF,0XFF,0XFF,0XFF,0XFF,0XFF,0XFF,
0XFF,0XFF,0XFF,0XFF,0XFF,0XFF,0XFF,0XFF,0XFF,0XFF,0XFF,0XFF,0XFF,0XFF,0XFF,0XFF,
0XFF,0XFF,0XF7,0X9E,0X8C,0X71,0X94,0X31,0XFE,0X1B,0XFD,0XBA,0XFD,0XFA,0XF5,0XFA,
0XF5,0XDA,0XF5,0XBA,0XF5,0X99,0XF6,0X1A,0XFD,0XFB,0XFD,0X99,0XFE,0X7C,0XFE,0X5C,
0XFF,0XBE,0XFF,0X5E,0XFE,0X5B,0XFE,0X9C,0XFE,0X7B,0XFF,0X1D,0XF6,0X7B,0XF5,0X99,
0XF5,0XD9,0XFF,0X3E,0XF5,0XBA,0XF6,0X9D,0XF6,0XBE,0XF6,0XBE,0XF6,0XFE,0X93,0XF1,
0X9C,0X51,0X94,0X51,0X94,0X50,0X9C,0X71,0X94,0X71,0XFF,0XBE,0XFF,0XFF,0XFF,0XFF,
0XFF,0XFF,0XFF,0XFF,0XFF,0XDE,0XFF,0XFF,0XFF,0XFF,0XFF,0XFF,0XFF,0XFF,0XFF,0XFF,
0XFF,0XFF,0X84,0X10,0X84,0X30,0X84,0X30,0XFF,0XFF,0XFF,0XFF,0XFF,0XFF,0XFF,0XFF,
0XFF,0XFF,0XFF,0XFF,0XFF,0XFF,0XFF,0XFF,0XFF,0XFF,0XFF,0XFF,0XFF,0XFF,0XFF,0XFF,
0XFF,0XFF,0XA4,0XF4,0X8C,0X71,0XA4,0X31,0XFE,0X1B,0XFD,0XDB,0XFF,0X9F,0XFF,0XDF,
0XFF,0XFF,0XFF,0XFF,0XFF,0XBF,0XFF,0XBF,0XFF,0X7F,0XFD,0XBA,0XFE,0X1B,0XFE,0X5C,
0XFF,0X9E,0XFF,0X7E,0XFE,0X5B,0XFE,0XFD,0XFF,0X5E,0XFF,0X3D,0XFE,0X7B,0XF6,0X7B,
0XFF,0X9E,0XF5,0X99,0XFE,0X1B,0XFE,0X9D,0XF6,0XBD,0X94,0X12,0X94,0X51,0X94,0X51,
0X94,0X71,0X8C,0X50,0XFF,0XFF,0XFF,0XBE,0XFF,0XDE,0XFF,0X7D,0XFF,0X9E,0XFF,0XFF,
0XFF,0XFF,0XFF,0XFF,0XFF,0XFF,0XF7,0XFF,0X85,0X57,0X85,0X7A,0X75,0X9D,0X75,0X9D,
0X9E,0X3B,0XFF,0XFE,0XFF,0XDF,0XEF,0X7D,0XFF,0XFF,0XFF,0XFF,0XFF,0XFF,0XFF,0XFF,
0XFF,0XFF,0XFF,0XFF,0XFF,0XFF,0XFF,0XFF,0XFF,0XFF,0XFF,0XFF,0XFF,0XFF,0XFF,0XFF,
0XFF,0XFF,0X8C,0X51,0X8C,0X71,0XDD,0XD8,0XFE,0X1C,0XFD,0XBA,0XF5,0X99,0XF5,0X99,
0XF5,0X99,0XF5,0X99,0XF5,0X99,0XF5,0X99,0XF5,0X99,0XFD,0XBA,0XFE,0X1B,0XFE,0X1B,
0XFF,0X9E,0XFF,0X5D,0XFE,0X1A,0XFF,0XBF,0XFF,0XFF,0XFF,0XFF,0XFF,0XFF,0XFF,0XFF,
0XFF,0XDF,0XFF,0XDF,0XF6,0X3B,0XFE,0X9D,0X93,0XF1,0X94,0X51,0X94,0X51,0X94,0X51,
0XFF,0XDF,0XFF,0XFF,0XFF,0XDE,0XFF,0X1D,0XFE,0XFC,0XFE,0XFC,0XFF,0X1C,0XFF,0XFF,
0XFF,0XFF,0XFF,0XFF,0XFF,0XFF,0X85,0X39,0XF7,0XFE,0XF7,0XFF,0X75,0X7D,0X75,0X9E,
0X75,0X9E,0X9E,0X1A,0XFF,0XFF,0XFF,0XFF,0XFF,0XFF,0XFF,0XFF,0XFF,0XFF,0XFF,0XFF,
0XFF,0XFF,0XFF,0XFF,0XFF,0XFF,0XFF,0XFF,0XFF,0XFF,0XFF,0XFF,0XFF,0XFF,0XFF,0XFF,
0XFF,0XFF,0X8C,0X71,0X8C,0X51,0XFE,0X9B,0XFE,0X3C,0XFE,0X1B,0XFD,0XFB,0XFD,0XFB,
0XFD,0XFB,0XFD,0XFB,0XFD,0XFB,0XFE,0X1B,0XFE,0X3B,0XFD,0XFB,0XFE,0X1B,0XFE,0X1B,
0XFF,0XBF,0XFF,0X5D,0XFE,0X3B,0XFE,0XFC,0XFF,0XFF,0XFF,0X7E,0XF7,0X1C,0XFF,0XFF,
0XFF,0X7E,0XEE,0X5A,0XF5,0XFA,0XFE,0X7C,0XAC,0X93,0X94,0X51,0X83,0XEF,0XFF,0XDF,
0XFF,0XFF,0XFF,0XDF,0XFF,0X1D,0XFE,0XFD,0XFE,0XFC,0XFE,0XFC,0XFF,0X1D,0XFF,0XFF,
0XFF,0XFF,0XFF,0XFF,0XF7,0XFF,0X7D,0X9C,0XF7,0XFF,0XF7,0XFF,0X75,0X9E,0X75,0X7F,
0X75,0X9F,0X75,0X9D,0XFF,0XFF,0XFF,0XFF,0XFF,0XFF,0XFF,0XFF,0XFF,0XFF,0XFF,0XFF,
0XFF,0XFF,0XFF,0XFF,0XFF,0XFF,0XFF,0XFF,0XFF,0XFF,0XFF,0XFF,0XFF,0XFF,0XFF,0XFF,
0XFF,0XFF,0X94,0X71,0X94,0X51,0XFE,0X3A,0XFE,0X3C,0XFE,0X3C,0XFE,0X3B,0XFE,0X3B,
0XFE,0X5C,0XFE,0X9C,0XFE,0XDD,0XFE,0XFD,0XFE,0XFE,0XFE,0X9C,0XFE,0X5C,0XFE,0X1B,
0XFF,0X9E,0XFF,0X3D,0XFE,0X3A,0XF6,0X3A,0XFF,0XBF,0XFE,0XFD,0XFE,0XFD,0XFF,0XDF,
0XF7,0X5D,0XFF,0XFF,0XF6,0X3B,0XF6,0X5C,0XF6,0X9D,0X94,0X51,0X94,0X51,0X83,0XEF,
0XFF,0XFF,0XFF,0XFF,0XFF,0X1D,0XFE,0XFD,0XFE,0XFD,0XFE,0XFD,0XFE,0XFC,0XFF,0XFF,
0XFF,0XFF,0XFF,0XFF,0XAE,0X3A,0X75,0X9E,0X75,0X9E,0X75,0X7E,0X75,0X7F,0X75,0X7F,
0X75,0X9F,0X75,0X9E,0XF7,0XFE,0XFF,0XFF,0XFF,0XFF,0XFF,0XFF,0XFF,0XFF,0XFF,0XFF,
0XFF,0XFF,0XFF,0XFF,0XFF,0XFF,0XFF,0XFF,0XFF,0XFF,0XFF,0XFF,0XFF,0XFF,0XFF,0XFF,
0XFF,0XDF,0X94,0X71,0X94,0X51,0XFE,0X3C,0XFE,0X3C,0XFE,0X3C,0XFE,0X3C,0XFE,0X5C,
0XFE,0XBD,0XFE,0XDD,0XFE,0XDD,0XFE,0XDD,0XFE,0XFD,0XFE,0XDD,0XFE,0XBD,0XFE,0X5C,
0XFF,0X7E,0XFF,0X1D,0XF5,0XD9,0XFF,0XFF,0XFF,0XFF,0XFF,0X3D,0XFF,0X3D,0XFF,0XFF,
0XF7,0X1D,0XFF,0X7E,0XF5,0XDA,0XF6,0X3D,0XEE,0X5D,0XF6,0X9E,0X94,0X51,0X94,0X51,
0X94,0X71,0XFF,0XDF,0XFF,0XFF,0XFF,0X9E,0XFE,0XFD,0XFE,0XFD,0XFE,0XFC,0XFF,0XFF,
0XFF,0XFF,0XFF,0XFF,0XDF,0X5E,0X75,0X7F,0X6D,0X9F,0X6D,0X9F,0X6D,0X9F,0X75,0X9F,
0X75,0X9F,0X75,0X9E,0XFF,0XFF,0XFF,0XFF,0XFF,0XFF,0XFF,0XFF,0XFF,0XFF,0XFF,0XFF,
0XFF,0XFF,0XFF,0XFF,0XFF,0XFF,0XFF,0XFF,0XFF,0XFF,0XFF,0XFF,0XFF,0XFF,0XFF,0XFF,
0XFF,0XDF,0X94,0X51,0X94,0X51,0XFE,0X1B,0XFE,0X3C,0XFE,0X3C,0XFE,0X3C,0XFE,0X5C,
0XFE,0X9C,0XFE,0XBD,0XFE,0XBD,0XFE,0XBD,0XFE,0XBD,0XFE,0XBD,0XFE,0XDD,0XFE,0X7C,
0XFF,0X5D,0XFE,0XFC,0XFD,0XDA,0XF5,0XF9,0XFF,0XFF,0XFF,0XFF,0XFF,0XFF,0XFF,0XFF,
0XF7,0X1C,0XF7,0X3D,0XF6,0X1A,0XF6,0X1C,0XF6,0X5E,0XF6,0X5E,0XEE,0X7E,0X94,0X51,
0X94,0X71,0X8C,0X51,0X9C,0XD3,0XFF,0XDF,0XFF,0XFF,0XFF,0XDF,0XFF,0XFF,0XFF,0XFF,
0XFF,0XFF,0XFF,0XFF,0XFF,0XFF,0X75,0X7E,0X6D,0X9E,0X6D,0X9F,0X6D,0X9F,0X6D,0X9F,
0X75,0X9E,0X8D,0X5B,0XFF,0XFF,0XFF,0XFF,0XFF,0XFF,0XFF,0XFF,0XFF,0XFF,0XFF,0XFF,
0XFF,0XFF,0XFF,0XFF,0XFF,0XFF,0XFF,0XFF,0XFF,0XFF,0XFF,0XFF,0XFF,0XFF,0XFF,0XFF,
0X83,0XF0,0X94,0X51,0XAC,0X92,0XFE,0X3B,0XFE,0X3B,0XFE,0X1B,0XFD,0XDA,0XFD,0XDA,
0XFD,0XFA,0XFD,0XFA,0XFE,0X1B,0XFE,0X1B,0XFD,0XFB,0XFE,0X3B,0XFE,0XBD,0XFE,0X7C,
0XFF,0X5D,0XFE,0XBC,0XF5,0XD9,0XFF,0XFF,0XFF,0XFF,0XFF,0X3D,0XFF,0X1D,0XFF,0XFF,
0XEE,0XFC,0XF7,0X7E,0XEE,0X1A,0XF6,0X1D,0XEE,0X5E,0XEE,0X5D,0XEE,0X7E,0XEE,0X5D,
0X94,0X51,0X94,0X51,0X94,0X71,0X8C,0X50,0XFF,0XDF,0XFF,0XFF,0XFF,0XFF,0XFF,0XFF,
0XFF,0XFF,0XFF,0XFF,0XFF,0XFF,0XEF,0XDF,0X6D,0XBD,0X75,0X9E,0X75,0X9F,0X6D,0X9E,
0X7D,0X7D,0XFF,0X1E,0XFF,0XFF,0XFF,0XFF,0XFF,0XFF,0XFF,0XFF,0XFF,0XFF,0XFF,0XFF,
0XFF,0XFF,0XFF,0XFF,0XFF,0XFF,0XFF,0XFF,0XFF,0XFF,0XFF,0XFF,0XFF,0XFF,0XFF,0XFF,
0X8C,0X31,0X8C,0X51,0XF6,0XBB,0XFE,0X3B,0XFE,0X1B,0XFD,0XDA,0XF5,0XDA,0XFF,0XDF,
0XFF,0XDF,0XFF,0XDF,0XFF,0XDF,0XFF,0XDF,0XFF,0XBF,0XFD,0XDA,0XFE,0X9C,0XFE,0X9C,
0XFF,0X3C,0XF6,0XDB,0XF6,0X1A,0XF5,0XB9,0XFF,0X7E,0XF5,0XB9,0XF5,0X99,0XFF,0X5E,
0XFE,0XFC,0XFF,0XFF,0XE5,0XFA,0XF6,0X1C,0XEE,0X5E,0XF6,0XBE,0XFF,0X3F,0XFF,0X5F,
0XFF,0X5F,0XE6,0XBC,0X94,0X51,0X94,0X51,0X94,0X71,0X8C,0X70,0XFF,0XBE,0XFF,0XDF,
0XFF,0XFF,0XFF,0XFF,0XFF,0XFF,0XFF,0XFF,0XFF,0XFF,0XE7,0X7F,0XB6,0X9C,0XDF,0X3F,
0XFF,0X1D,0XFE,0XFD,0XFF,0XFF,0XFF,0XFF,0XFF,0XFF,0XFF,0XFF,0XFF,0XFF,0XFF,0XFF,
0XFF,0XFF,0XFF,0XFF,0XFF,0XFF,0XFF,0XFF,0XFF,0XFF,0XFF,0XFF,0XFF,0XFF,0XFF,0XFF,
0X8C,0X71,0X8C,0X71,0XF6,0X5B,0XFE,0X3A,0XFD,0XD9,0XFE,0X7B,0XFF,0XDF,0XFF,0XDF,
0XFF,0X1D,0XFF,0XFF,0XF7,0X1D,0XFF,0X1D,0XFF,0XDF,0XFD,0XBA,0XFE,0X7C,0XFE,0X7C,
0XFF,0X1C,0XFF,0X1C,0XFE,0XDC,0XFE,0X7B,0XF6,0X3A,0XF5,0XB9,0XFF,0X9F,0XFD,0X9A,
0XF5,0XDB,0XF5,0XFC,0XF5,0XDB,0XED,0XFC,0XF7,0X1E,0XFF,0X9F,0XFF,0X9F,0XFF,0X5F,
0XFF,0X5F,0XFF,0X5F,0XFF,0X5F,0XDE,0X5B,0X94,0X51,0X94,0X51,0X94,0X71,0X8C,0X51,
0XE7,0X1C,0XFF,0XFF,0XFF,0XFF,0XFF,0XFF,0XFF,0XFF,0XFF,0XFF,0XFF,0XFF,0XFF,0XBE,
0XFE,0XFD,0XFF,0X1D,0XFF,0XFF,0XFF,0XFF,0XFF,0XFF,0XFF,0XFF,0XFF,0XFF,0XFF,0XFF,
0XFF,0XFF,0XFF,0XFF,0XFF,0XFF,0XFF,0XFF,0XFF,0XFF,0XFF,0XFF,0XFF,0XFF,0XE7,0X3C,
0X94,0X71,0X94,0X30,0XFE,0X5B,0XFE,0X3B,0XFD,0XBA,0XFE,0X3B,0XF6,0XFC,0XFF,0XDF,
0XFF,0X7E,0XFF,0XFF,0XFF,0X9E,0XFF,0X5E,0XFF,0XDF,0XF5,0XBA,0XFE,0X7C,0XFE,0X7C,
0XFF,0X1C,0XF7,0X1C,0XFF,0X1C,0XF6,0XDC,0XF6,0X7B,0XF5,0XDA,0XFF,0XDF,0XFD,0XDA,
0XFE,0X5D,0XF6,0X5D,0XF6,0X5D,0XEE,0X9D,0XFF,0X7F,0XFF,0X9F,0XFF,0X9F,0XFF,0X7F,
0XFF,0X5F,0XFF,0X5F,0XFF,0X7F,0XEE,0XBD,0XF6,0X7C,0XD5,0X99,0X94,0X30,0X94,0X50,
0X94,0X51,0XFF,0XFF,0X94,0X71,0XFF,0XFF,0XFF,0XFF,0XFF,0XDF,0XFF,0XFF,0XFF,0XFF,
0XFF,0XFF,0XFF,0XFF,0XFF,0XFF,0XFF,0XFF,0XFF,0XFF,0XFF,0XFF,0XFF,0XFF,0XFF,0XFF,
0XFF,0XFF,0XFF,0XFF,0XFF,0XFF,0XFF,0XFF,0XFF,0XFF,0XFF,0XFF,0XFF,0XFF,0X8C,0X71,
0X94,0X51,0XF6,0X5A,0XFE,0X5C,0XFE,0X3C,0XFD,0XDB,0XFD,0XB9,0XF5,0XB9,0XFF,0XBF,
0XFF,0XDF,0XFF,0X9E,0XFF,0X7E,0XFF,0X7E,0XFF,0X3E,0XF5,0XBA,0XFE,0X3B,0XFE,0X3B,
0XF7,0X1C,0XF7,0X1C,0XF7,0X1C,0XF6,0XFC,0XF6,0X7B,0XF5,0XFA,0XFF,0XDF,0XFD,0XBA,
0XF6,0X5D,0XF6,0X9D,0XEE,0X5D,0XF6,0XDE,0XFF,0X9F,0XFF,0X9F,0XFF,0X9F,0XFF,0X9F,
0XF7,0X5F,0XFF,0X5F,0XFF,0X1E,0XED,0X35,0XFD,0X15,0XFD,0X15,0XFD,0X35,0XED,0X75,
0XCD,0X15,0XEE,0X9B,0X94,0X71,0X8C,0X51,0XFF,0XDF,0X8C,0X71,0X8C,0X71,0XFF,0XFF,
0XFF,0XFF,0XFF,0XFF,0XFF,0XFF,0XFF,0XFF,0XFF,0XDF,0XFF,0XFF,0XFF,0XFF,0XFF,0XFF,
0XFF,0XFF,0XFF,0XFF,0XFF,0XFF,0XFF,0XFF,0XFF,0XFF,0XFF,0XFF,0X94,0X92,0X8C,0X71,
0X94,0X51,0XFE,0X3B,0XFE,0X3B,0XFE,0X3B,0XFD,0XBA,0XFE,0X1A,0XFF,0XDF,0XFF,0XFF,
0XFF,0XDF,0XFE,0XDC,0XF5,0X99,0XFD,0XB9,0XFD,0XB9,0XF5,0XDA,0XFE,0X1B,0XFE,0X3B,
0XF7,0X3C,0XF7,0X1C,0XF7,0X1C,0XF6,0XFC,0XF6,0X7B,0XF5,0XFA,0XFF,0XDF,0XF5,0XDA,
0XF6,0X5D,0XF6,0X7D,0XEE,0X5D,0XF6,0XBE,0XFF,0X9F,0XFF,0X9F,0XFF,0X9F,0XFF,0X7F,
0XF7,0X5F,0XFF,0X1D,0XF5,0X14,0XF5,0X35,0XFD,0X35,0XFD,0X34,0XFD,0X34,0XFD,0X34,
0XFD,0X34,0XF5,0X76,0X9C,0X10,0X9C,0XD3,0XFF,0XFF,0X8C,0X51,0X94,0XB2,0XFF,0XFF,
0XFF,0XFF,0XA5,0X14,0X8C,0X51,0X8C,0X71,0X8C,0X51,0X8C,0X51,0X8C,0X51,0XBD,0XF7,
0XFF,0XFF,0XFF,0XFF,0XFF,0XFF,0XFF,0XFF,0XD6,0X9A,0X8C,0X71,0X94,0X71,0X8C,0X70,
0XFE,0X7C,0XFE,0X3B,0XFE,0X3C,0XFE,0X3C,0XFD,0XBA,0XFE,0X9C,0XFF,0XDF,0XF7,0X1D,
0XFE,0X3B,0XFF,0XDF,0XFF,0XFF,0XF5,0X79,0XFF,0XBF,0XED,0XD9,0XFE,0X1B,0XFE,0X3B,
0XF7,0X3C,0XF7,0X1C,0XF7,0X1C,0XF7,0X1C,0XF6,0X9B,0XF5,0XD9,0XFF,0XDF,0XFD,0XDB,
0XF6,0X5D,0XF6,0X7D,0XEE,0X5D,0XEE,0X5D,0XFF,0X7F,0XFF,0X9F,0XFF,0X7F,0XFF,0X5F,
0XF7,0X5F,0XF5,0X36,0XFD,0X34,0XFD,0X14,0XFE,0XB9,0XFF,0X7C,0XFD,0X96,0XF5,0X34,
0XFD,0X34,0XF5,0X34,0XF5,0X54,0XE6,0X17,0XCE,0X58,0X94,0X51,0XDE,0XBB,0XFF,0XFF,
0X9C,0XB3,0X94,0X71,0X8C,0X71,0X94,0X71,0X8C,0X51,0X8C,0X70,0X8C,0X71,0X8C,0X71,
0X94,0X71,0X94,0X71,0X94,0X71,0X94,0X71,0X94,0X71,0X8C,0X51,0X94,0X51,0XFE,0X9B,
0XFE,0X5C,0XFE,0X3C,0XFE,0X3C,0XFE,0X3B,0XFD,0XFB,0XFD,0XDA,0XFF,0X1E,0XFF,0X3D,
0XF6,0X9B,0XF6,0XBC,0XFE,0XBC,0XFE,0XFD,0XFF,0XDF,0XEE,0X5B,0XFD,0XFB,0XFE,0X5B,
0XF7,0X3C,0XF7,0X1B,0XF7,0X1C,0XF6,0XFC,0XF6,0X7B,0XF5,0XD9,0XFF,0XDF,0XF5,0XDB,
0XF6,0X5D,0XF6,0X7D,0XEE,0X5D,0XEE,0X3D,0XF6,0XDE,0XFF,0X5F,0XFF,0X7F,0XFF,0X5F,
0XFF,0X3F,0XFD,0X15,0XFD,0X34,0XFD,0X96,0XFF,0XFE,0XFF,0XFE,0XF6,0X59,0XF6,0X19,
0XFF,0XDF,0XFF,0X3C,0XFD,0X34,0XFD,0X35,0XAC,0X30,0X8C,0X71,0XFF,0XFF,0XA5,0X14,
0X8C,0X71,0X94,0X51,0XEE,0X9B,0XF6,0X5C,0XF6,0X5C,0XEE,0X7C,0XEE,0X5B,0XA4,0X32,
0X94,0X10,0X94,0X31,0X94,0X50,0X94,0X50,0X94,0X30,0XEE,0X5A,0XFE,0X5B,0XFE,0X5B,
0XFE,0X5B,0XFE,0X5B,0XFE,0X5B,0XFE,0X3B,0XFE,0X3B,0XFD,0XBA,0XFE,0X5C,0XFF,0XDF,
0XFF,0XDF,0XFF,0XDF,0XFF,0XDF,0XFF,0XDF,0XFF,0X7E,0XE5,0X78,0XFE,0X1B,0XFE,0X5C,
0XFF,0X3C,0XF7,0X3C,0XF6,0XFC,0XFE,0XDC,0XFE,0X5B,0XF5,0XD9,0XFF,0XDF,0XF5,0XBB,
0XF6,0X3D,0XF6,0X5D,0XF6,0X5D,0XF6,0X7D,0XEE,0X7D,0XEE,0X7E,0XFF,0X3F,0XFF,0X3F,
0XFF,0X3F,0XF5,0X35,0XFD,0X34,0XFD,0X76,0XFF,0XBE,0XFF,0X1C,0XFE,0X39,0XF6,0X79,
0XFF,0XFF,0XFF,0XFF,0XE5,0X35,0XFD,0X34,0XFD,0X34,0X9C,0X30,0X94,0X71,0X94,0X51,
0X94,0X51,0XCD,0XD8,0XF6,0X5C,0XF6,0X5C,0XF6,0X5C,0XF6,0X5C,0XF6,0X7C,0XF6,0X7C,
0XFE,0X7C,0XFE,0XDD,0XFE,0XFD,0XFE,0XFD,0XF6,0XBC,0XFE,0X7B,0XFE,0X7B,0XFE,0X5B,
0XFE,0X7B,0XFE,0X5B,0XFE,0X5B,0XFE,0X5B,0XFE,0X3B,0XFD,0XDA,0XFD,0X9A,0XFD,0X99,
0XFD,0X99,0XFD,0X79,0XFD,0X99,0XFD,0X79,0XFD,0XDA,0XF5,0XDA,0XFE,0X3B,0XFE,0X5C,
0XFF,0X3B,0XFF,0X3B,0XF6,0XFB,0XF6,0X5A,0XFD,0XFA,0XF5,0XB9,0XFF,0X7E,0XF5,0X79,
0XFD,0XBA,0XF5,0XFB,0XF6,0X5D,0XEE,0X7D,0XEE,0X7D,0XEE,0X5D,0XEE,0X5E,0XEE,0X3E,
0XEE,0X3D,0XFD,0X36,0XFD,0X34,0XFD,0X34,0XFE,0X39,0XFE,0X19,0XFE,0X18,0XFE,0X19,
0XFE,0X39,0XFE,0XBB,0XFE,0X18,0XFD,0X34,0XFD,0X34,0XED,0X54,0X94,0X50,0X94,0X51,
0XDE,0X5A,0XF6,0X7D,0XF6,0X7C,0XF6,0X5C,0XF6,0X7C,0XF6,0X7C,0XF6,0X7C,0XF6,0X9C,
0XFE,0XBD,0XFE,0XFD,0XFE,0XFD,0XFE,0XFD,0XFE,0XDC,0XFE,0X7B,0XFE,0X7B,0XFE,0X7B,
0XFE,0X7B,0XFE,0X7B,0XFE,0X7B,0XFE,0X5B,0XFE,0X5B,0XFD,0XB9,0XFD,0XB9,0XF5,0XB9,
0XFD,0X99,0XF5,0X99,0XFD,0X79,0XF5,0X99,0XF5,0XDA,0XF5,0XFA,0XFE,0X5B,0XFE,0X7C,
0XF7,0X3B,0XF6,0XFB,0XF6,0X7A,0XFE,0X1A,0XFF,0XBF,0XF6,0XFD,0XF6,0XBC,0XFF,0X7E,
0XFF,0XDF,0XF5,0X99,0XF5,0XFC,0XEE,0X3C,0XEE,0X5D,0XEE,0X5D,0XEE,0X5D,0XEE,0X3D,
0XEE,0X3D,0XF6,0X1B,0XFD,0X34,0XFD,0X35,0XFD,0XD8,0XFE,0X19,0XFE,0X18,0XFE,0X18,
0XFE,0X18,0XFE,0X18,0XFE,0X18,0XFD,0X15,0XFD,0X34,0XF5,0X55,0X94,0X10,0XEE,0XBC,
0XF6,0X7C,0XF6,0X7C,0XF6,0X7C,0XF6,0X7C,0XFE,0X7C,0XFE,0X7C,0XFE,0X7C,0XFE,0X9C,
0XFE,0XBC,0XFE,0XFD,0XFE,0XFD,0XFE,0XFD,0XFE,0XFD,0XFE,0X7B,0XFE,0X7B,0XFE,0X7B,
0XFE,0X7B,0XFE,0X7B,0XFE,0X7B,0XFE,0X7B,0XFE,0X3A,0XFD,0XB9,0XFF,0X7E,0XFF,0XDF,
0XFF,0XFF,0XFF,0XFF,0XFF,0XDF,0XFF,0XFF,0XFF,0XBF,0XF5,0XFA,0XFE,0X7C,0XFE,0X7B,
0XFF,0X3B,0XFE,0XDB,0XF5,0XFA,0XFF,0X5E,0XFF,0XFF,0XF7,0XBE,0XFF,0XFF,0XF7,0X9E,
0XFF,0X7E,0XFF,0X7E,0XF6,0X1B,0XED,0XFB,0XEE,0X5D,0XEE,0X5D,0XEE,0X5D,0XEE,0X5D,
0XEE,0X3D,0XEE,0X3E,0XFD,0X55,0XFD,0X14,0XF5,0X76,0XFE,0X18,0XFE,0X18,0XFE,0X18,
0XFE,0X18,0XFE,0X18,0XFD,0XF7,0XFD,0X35,0XFD,0X34,0XFE,0X9B,0XF6,0XDC,0XF6,0X9C,
0XF6,0X7C,0XF6,0X7D,0XF6,0X7D,0XFE,0X7C,0XFE,0X7C,0XFE,0X7B,0XFE,0X7C,0XFE,0X9B,
0XFE,0XBC,0XFE,0XDC,0XFE,0XFD,0XFE,0XFD,0XFE,0XDC,0XFE,0X9B,0XFE,0X9B,0XFE,0X9B,
0XFE,0X9B,0XFE,0X9B,0XFE,0X9B,0XFE,0X7B,0XFE,0X5B,0XFD,0XD9,0XFD,0X79,0XFD,0X79,
0XFD,0X78,0XFD,0X78,0XFD,0X99,0XFD,0X99,0XF5,0XD9,0XFE,0X1A,0XFE,0X9C,0XFE,0X9B,
0XFF,0X5C,0XFE,0XFB,0XF5,0XF9,0XFF,0X3D,0XFF,0XFF,0XF7,0X7E,0XFF,0XFF,0XF7,0X5D,
0XFF,0X5D,0XFF,0X3D,0XF6,0X1B,0XF6,0X7D,0XF6,0X7D,0XEE,0X7D,0XEE,0X5D,0XEE,0X5D,
0XEE,0X5D,0XF6,0X3D,0XF5,0X54,0XFD,0X14,0XFD,0XF8,0XFE,0X18,0XFE,0X18,0XFE,0X18,
0XFE,0X18,0XFE,0X18,0XFD,0X14,0XFD,0X34,0XF5,0X35,0XF6,0XFD,0XFF,0X1D,0XF6,0X9C,
0XF6,0X9C,0XF6,0X9C,0XF6,0X7C,0XF6,0X7C,0XF6,0X9C,0XF6,0X9B,0XF6,0X9B,0XF6,0X9B,
0XFE,0X9B,0XFE,0XBB,0XFE,0XDC,0XFE,0XBC,0XFE,0XBB,0XFE,0X9B,0XFE,0X9B,0XFE,0X9B,
0XFE,0X7B,0XFE,0X7B,0XFE,0X7B,0XFE,0X7B,0XFE,0X7B,0XFE,0X5B,0XFE,0X3A,0XFE,0X3A,
0XFE,0X3A,0XFE,0X3A,0XFE,0X3A,0XFE,0X3A,0XFE,0X3A,0XF6,0X5B,0XFE,0X9B,0XFE,0X9B,
0XFF,0X9D,0XFF,0X3C,0XFD,0XFA,0XF6,0X7B,0XFF,0XDF,0XED,0XF9,0XFF,0X9E,0XF6,0XDC,
0XFF,0X5E,0XFE,0X5B,0XF6,0X9B,0XF6,0XBD,0XF6,0XDE,0XEE,0X9D,0XEE,0X5D,0XEE,0X7D,
0XEE,0X7D,0XF6,0X3D,0XF5,0X34,0XFD,0X54,0XFE,0X17,0XFE,0X18,0XFE,0X18,0XFE,0X18,
0XFE,0X38,0XFD,0X34,0XFD,0X34,0XFD,0X14,0XFE,0XDB,0XFF,0X3E,0XF7,0X1D,0XF7,0X1D,
0XFF,0X9F,0XFF,0X3E,0XFE,0XFD,0XF6,0XBC,0XF6,0X9B,0XF6,0X9B,0XFE,0X9B,0XFE,0X9B,
0XFE,0X9B,0XFE,0X9B,0XFE,0X9B,0XFE,0XBB,0XFE,0XBB,0XFE,0X9B,0XFE,0XBB,0XFE,0XBB,
0XFE,0XBB,0XFE,0XBB,0XFE,0X9B,0XFE,0X9B,0XFE,0X9B,0XFE,0XBB,0XFE,0X9B,0XFE,0X9B,
0XFE,0X9B,0XFE,0X9B,0XFE,0X9B,0XFE,0X9B,0XF6,0XBB,0XFE,0XBB,0XFE,0X9B,0XFE,0XBC,
0XFF,0X9D,0XFF,0X3D,0XFE,0X1A,0XFF,0XDF,0XFF,0XFF,0XF6,0X3A,0XFF,0XFF,0XF6,0XFC,
0XFF,0X7E,0XFE,0X1A,0XF5,0XFA,0XFE,0XBD,0XFE,0XFE,0XEE,0X9D,0XF6,0XDE,0XF6,0XDE,
0XFE,0XDF,0XF6,0X7D,0XFD,0X34,0XFD,0X35,0XFE,0X17,0XFE,0X18,0XFE,0X18,0XFD,0XF7,
0XFD,0X34,0XFD,0X34,0XFD,0X35,0XFE,0X39,0XF6,0XFE,0XF7,0X1D,0XFF,0X5E,0XFF,0X5E,
0XF7,0X5E,0XFF,0X5E,0XFF,0X5E,0XFF,0X3D,0XFE,0XDC,0XFE,0X9B,0XFE,0X9B,0XFE,0XBB,
0XFE,0X9B,0XFE,0XBC,0XFE,0XFC,0XFE,0XFC,0XFE,0X9B,0XFE,0X9B,0XFE,0XBB,0XFE,0XBB,
0XFE,0XBB,0XFE,0XBB,0XFE,0XBB,0XFE,0XBB,0XFF,0X1C,0XFF,0X1D,0XFE,0XBB,0XFE,0XBB,
0XFE,0XBB,0XFE,0XBB,0XFE,0XFC,0XFE,0XDC,0XFE,0XDB,0XFE,0XBB,0XFE,0XBC,0XFE,0XBC,
0XFF,0XBD,0XFF,0X3C,0XFE,0X7B,0XF6,0X1A,0XFF,0XFF,0XFF,0XFF,0XFF,0XFF,0XFF,0XFF,
0XFF,0XDF,0XFF,0XDF,0XF6,0X5B,0XFE,0XBC,0XFF,0X1E,0XF6,0X9D,0XF6,0X9E,0XEE,0X9D,
0XF6,0X9E,0XF6,0X7D,0XF5,0X36,0XFD,0X34,0XFD,0X34,0XFD,0X34,0XFD,0X34,0XFD,0X35,
0XFD,0X34,0XFD,0X34,0XF5,0XB8,0XF6,0X9C,0XF6,0XBD,0XFF,0X3E,0XFF,0X5E,0XFF,0X5E,
0XF7,0X5E,0XFF,0X5E,0XFF,0X5D,0XFF,0X7E,0XFF,0X3D,0XFE,0XDC,0XFE,0XBB,0XFE,0XDB,
0XFE,0XDC,0XFF,0X7D,0XFF,0X7D,0XFF,0X9E,0XFF,0X7D,0XFE,0XDC,0XFE,0XBB,0XFE,0XBB,
0XFE,0XBB,0XFE,0XBB,0XFE,0XBB,0XFE,0XDC,0XFE,0XDC,0XFE,0XBB,0XFE,0XBB,0XFE,0XBB,
0XFE,0XDB,0XFE,0XDB,0XF7,0X5D,0XFF,0X9E,0XFE,0XBB,0XFE,0XBB,0XFE,0XBC,0XFE,0XBC,
0XFF,0XBD,0XFF,0X3C,0XF6,0X1A,0XFF,0XFF,0XFF,0XFF,0XED,0XF9,0XFF,0XDF,0XFE,0XFC,
0XFF,0X5D,0XFD,0XDA,0XF6,0X1A,0XF6,0XDC,0XF6,0XFD,0XEE,0XBD,0XF6,0X9D,0XF6,0X9D,
0XEE,0X9E,0XF6,0X9D,0XF6,0X7D,0XF5,0X36,0XFD,0X34,0XFD,0X34,0XFD,0X34,0XFD,0X34,
0XF5,0X55,0XFE,0X7B,0XFE,0X9C,0XF6,0X9C,0XF6,0XBC,0XFF,0X5E,0XFF,0X7E,0XFF,0X7E,
0XFF,0X9E,0XFF,0X7E,0XFF,0X7E,0XFF,0X7D,0XFF,0X5D,0XFE,0XDB,0XFE,0XBB,0XFE,0XBB,
0XFF,0X5D,0XFF,0X9E,0XFF,0X9E,0XFF,0X9E,0XFF,0X9E,0XFF,0X1C,0XFE,0XDB,0XFE,0XDB,
0XFE,0XDB,0XFE,0XDB,0XFE,0XDB,0XFE,0XDB,0XFE,0XDB,0XFE,0XFC,0XFE,0XFC,0XFF,0X1D,
0XFF,0X1D,0XFF,0X3D,0XEE,0XDB,0XFF,0X9E,0XFE,0XDC,0XFE,0XDB,0XFE,0XDC,0XFE,0XDC,
0XFF,0XBD,0XFF,0X5D,0XFE,0X5A,0XFE,0X1A,0XFF,0X5D,0XF5,0XD9,0XFE,0X9B,0XFE,0XBC,
0XFF,0X1D,0XFE,0X9C,0XFE,0XFD,0XF6,0XFD,0XF6,0XFD,0XEE,0XBD,0XEE,0XBD,0XEE,0XBD,
0XEE,0XBD,0XF6,0X9D,0XF6,0X9D,0XF6,0X9D,0XF6,0X1C,0XF5,0XD9,0XFE,0X1A,0XFE,0X7C,
0XF6,0X9C,0XF6,0X9C,0XF6,0X9C,0XF6,0X9C,0XF6,0XDD,0XFF,0X5E,0XFF,0X9E,0XFF,0X9E,
0XFF,0X9E,0XFF,0X9E,0XFF,0XBE,0XFF,0X7D,0XFF,0X7D,0XFE,0XFB,0XFE,0XDB,0XFE,0XBB,
0XFF,0X7D,0XFF,0X9E,0XFF,0X9E,0XFF,0X9E,0XFF,0X9E,0XFF,0X5D,0XFF,0X3C,0XFF,0X5D,
0XFF,0X3C,0XFF,0X3C,0XFF,0X1C,0XFE,0XFC,0XFE,0XFC,0XFF,0X1C,0XFF,0X1C,0XFE,0XFC,
0XFE,0XFC,0XFF,0X1C,0XEE,0XFB,0XFF,0XBE,0XFE,0XFC,0XFE,0XDC,0XFE,0XDC,0XFE,0XDC,
0XFF,0XBE,0XFF,0X9E,0XFF,0X3C,0XFE,0XFC,0XFE,0XBB,0XFE,0XBB,0XFE,0XBB,0XFE,0X9B,
0XFE,0X9B,0XF6,0XFC,0XFF,0X1D,0XF6,0XFC,0XF7,0X1D,0XF6,0XDD,0XEE,0XBD,0XEE,0XBD,
0XEE,0XBD,0XF6,0X9E,0XF6,0X9E,0XF6,0X9E,0XEE,0XBE,0XF6,0XBD,0XEE,0XBD,0XF6,0XBD,
0XF6,0XBC,0XF6,0XBC,0XF6,0XBC,0XF6,0XBC,0XF6,0XDD,0XFF,0X5E,0XFF,0X7E,0XFF,0X7E,
0XFF,0X9E,0XFF,0X9E,0XFF,0XBE,0XFF,0X9E,0XFF,0X5D,0XFE,0XFB,0XFE,0XDB,0XFE,0XDB,
0XFF,0X5D,0XFF,0X9E,0XFF,0X9E,0XFF,0X9E,0XFF,0XBE,0XFF,0X3C,0XFF,0X5D,0XFF,0X7D,
0XFF,0X5D,0XFF,0X5C,0XFF,0X5C,0XFF,0X3C,0XFF,0X3C,0XFF,0X1C,0XFF,0X1B,0XFE,0XDB,
0XFE,0XDB,0XFE,0XFB,0XFF,0X7D,0XFF,0X9E,0XFF,0X1C,0XFE,0XDC,0XFE,0XFC,0XFE,0XFC,
0XFF,0XBD,0XFF,0XDE,0XFF,0XBE,0XFF,0X9E,0XFF,0X7D,0XFF,0X7D,0XFF,0X7D,0XFF,0X7D,
0XFF,0X5D,0XFF,0X5D,0XF7,0X3D,0XF6,0XFC,0XF6,0XDD,0XF6,0XDD,0XF6,0XDD,0XF6,0XDD,
0XF6,0XDD,0XF6,0XBD,0XF6,0XBD,0XF6,0XBD,0XF6,0XBD,0XF6,0XBD,0XF6,0XBD,0XF6,0XBD,
0XF6,0XBD,0XF6,0XDC,0XF6,0XDC,0XF6,0XBC,0XF6,0XDD,0XFF,0X5E,0XFF,0X7E,0XFF,0X9E,
0XFF,0X9E,0XFF,0X9E,0XFF,0XBE,0XFF,0X9E,0XFF,0X3D,0XFE,0XFB,0XFE,0XFB,0XFE,0XDB,
0XFE,0XFB,0XFF,0X7D,0XFF,0X9D,0XFF,0XBE,0XFF,0X7D,0XFF,0X1C,0XFF,0X3C,0XFF,0X7D,
0XFF,0X9D,0XFF,0X9D,0XFF,0X7D,0XFF,0X7D,0XFF,0X3C,0XFF,0X1C,0XFF,0X1C,0XFE,0XFC,
0XFE,0XFC,0XFE,0XFB,0XFE,0XFC,0XFF,0X1C,0XFF,0X3D,0XFE,0XFC,0XFE,0XFC,0XFE,0XFC,
0XFF,0XDD,0XFF,0XDD,0XFF,0XBE,0XFF,0XBE,0XFF,0XBE,0XFF,0X9D,0XFF,0X9D,0XFF,0X9D,
0XFF,0X7E,0XFF,0X7E,0XF7,0X3D,0XF7,0X1C,0XF6,0XFD,0XF6,0XDD,0XF6,0XFD,0XF6,0XDD,
0XF6,0XDD,0XEE,0XDD,0XEE,0XDD,0XF6,0XDD,0XF6,0XDD,0XF6,0XFD,0XF6,0XDD,0XF6,0XDD,
0XF6,0XBD,0XF6,0XDC,0XF6,0XDC,0XF6,0XBC,0XF6,0XDD,0XF7,0X1D,0XFF,0X7E,0XFF,0X9E,
0XFF,0X9E,0XFF,0X9E,0XFF,0X9E,0XFF,0X7D,0XFF,0X1C,0XFE,0XDB,0XFE,0XFC,0XFE,0XFB,
0XFE,0XFB,0XFE,0XFB,0XFE,0XFB,0XFE,0XFC,0XFE,0XFC,0XFE,0XFC,0XFF,0X5C,0XFF,0X7D,
0XFF,0X9D,0XFF,0X9D,0XFF,0X7D,0XFF,0X7D,0XFF,0X3C,0XFE,0XFC,0XFE,0XFC,0XFE,0XFC,
0XFE,0XFC,0XFE,0XFC,0XFE,0XFC,0XFF,0X1C,0XFF,0X1D,0XFF,0X1C,0XFE,0XFC,0XFE,0XFC,
0XFF,0XDD,0XFF,0XDD,0XFF,0XBD,0XFF,0XBD,0XFF,0XBD,0XFF,0XBD,0XFF,0X9D,0XFF,0X9D,
0XFF,0X7D,0XFF,0X7D,0XF7,0X3D,0XF7,0X1C,0XF7,0X3D,0XFF,0X3D,0XFF,0X3E,0XFF,0X3E,
0XFF,0X5E,0XF7,0X1D,0XF6,0XFD,0XF6,0XFD,0XF6,0XFD,0XF6,0XFD,0XF6,0XDD,0XF6,0XFD,
0XF6,0XDD,0XF6,0XDD,0XF6,0XDC,0XF6,0XDC,0XF6,0XDC,0XF6,0XDC,0XFE,0XFD,0XFF,0X3D,
0XFF,0X5D,0XFF,0X5D,0XF7,0X1C,0XFE,0XFC,0XFE,0XDB,0XFE,0XFB,0XFE,0XFB,0XFE,0XFB,
0XFE,0XFB,0XFE,0XFB,0XFE,0XFB,0XFE,0XFB,0XFE,0XFB,0XFE,0XFC,0XFF,0X3C,0XFF,0X5D,
0XFF,0X9D,0XFF,0X9D,0XFF,0X7D,0XFF,0X7D,0XFF,0X3C,0XFE,0XFC,0XFE,0XFC,0XFE,0XFC,
0XFE,0XFC,0XFE,0XFC,0XFE,0XFC,0XFF,0X1C,0XFF,0X1D,0XFF,0X1C,0XFF,0X1C,0XFE,0XFC,
};
/**/
const char rgb_cat_6364[] = {
0XA5,0X5E,0XA5,0X5E,0XA5,0X5E,0XA5,0X5F,0XA5,0X5E,0XA5,0X7F,0XAD,0X7E,0XAD,0X5C,
0XA5,0X3B,0XA5,0X3A,0XA5,0X3A,0XA5,0X3A,0XA5,0X3A,0XA5,0X3A,0XA5,0X3A,0XA5,0X3A,
0XC6,0X3D,0XC6,0X3D,0XCE,0X7E,0XCE,0X7F,0XD6,0X7F,0XCE,0X7F,0XCE,0X7F,0XD6,0X7F,
0XD6,0X7F,0XD6,0X7F,0XD6,0X7E,0XCE,0X5D,0XD6,0X9E,0XD6,0X9E,0XDE,0X9E,0XDE,0X9E,
0XDE,0XBE,0XE6,0XBD,0XE6,0X9D,0XE6,0XBE,0XEE,0XDE,0XE6,0XBD,0XE6,0XBD,0XE6,0XBD,
0XE6,0XBD,0XE6,0XDE,0XE6,0XDE,0XE6,0XDE,0XEE,0XDE,0XE6,0X7C,0XDE,0X3B,0XCD,0XD9,
0XCD,0XB9,0XC5,0XD9,0XCD,0XB9,0XC5,0XB9,0XE6,0X9D,0XE6,0XBD,0XEE,0XDE,0XF7,0X1E,
0XD5,0XF9,0XD6,0X19,0XD6,0X19,0XD6,0X19,0XEE,0XDD,0XF6,0XFD,0XF7,0X1E,0XA5,0X7E,
0XA5,0X5E,0XA5,0X5E,0XAD,0X5E,0XAD,0X7E,0XAD,0X7D,0XA5,0X1B,0XA5,0X3B,0XA5,0X3A,
0XA5,0X3A,0XA5,0X3A,0XA5,0X5A,0XA5,0X3A,0XA5,0X5B,0XC6,0X1E,0XCE,0X7F,0XD6,0X7F,
0XCE,0X7F,0XD6,0X7F,0XCE,0X7E,0XCE,0X5E,0XCE,0X7F,0XCE,0X7F,0XD6,0X7F,0XD6,0X7F,
0XD6,0X7F,0XD6,0X7E,0XD6,0X7E,0XD6,0X7E,0XD6,0X9E,0XDE,0X9F,0XDE,0X9F,0XDE,0X9E,
0XE6,0X9D,0XE6,0XBE,0XDE,0X9D,0XE6,0XBE,0XE6,0XBD,0XE6,0XBE,0XE6,0XBD,0XE6,0XBD,
0XEE,0XFE,0XE6,0XDE,0XEE,0XDE,0XEE,0XDE,0XEE,0XDE,0XEE,0XFE,0XF6,0XFE,0XEE,0XDE,
0XDE,0X5E,0XCE,0X1D,0XCD,0XFD,0XCE,0X1C,0XCE,0X5D,0XD6,0X3D,0XEE,0XFE,0XD5,0XF9,
0XCD,0XF9,0XCD,0XF9,0XD6,0X19,0XF6,0XFD,0XF7,0X1E,0XF6,0XFE,0XA5,0X5F,0XA5,0X3E,
0XAD,0X9C,0XFF,0XFF,0XD6,0X7C,0XC6,0X3C,0XC6,0X1C,0XB5,0X9B,0XA5,0X3A,0XA5,0X3A,
0XA5,0X3A,0XAD,0X7B,0XC6,0X5E,0XCE,0X7F,0XCE,0X7F,0XCE,0X7E,0XCE,0X5E,0XCE,0X1D,
0XCE,0X1D,0XCE,0X1D,0XCE,0X3D,0XCE,0X5E,0XD6,0X7F,0XD6,0X7F,0XD6,0X7F,0XD6,0X7E,
0XD6,0X7E,0XD6,0X7E,0XD6,0X7E,0XD6,0X7E,0XDE,0X9F,0XDE,0X9F,0XDE,0X9E,0XDE,0X9E,
0XDE,0X5D,0XDE,0X7D,0XDE,0X7D,0XE6,0XBE,0XE6,0XBD,0XE6,0XBE,0XE6,0XBD,0XE6,0XDE,
0XE6,0XDE,0XEE,0XDE,0XEE,0XDE,0XEE,0XFE,0XEE,0XFE,0XEE,0XFE,0XE6,0X9D,0XCE,0X1D,
0XFF,0XFF,0XF7,0X9F,0XE7,0X3D,0XFF,0XFF,0XDE,0XDE,0XE6,0X9D,0XD5,0XF9,0XD6,0X19,
0XD6,0X19,0XD6,0X1A,0XF6,0XFD,0XF7,0X1E,0XF7,0X1E,0XA5,0X5F,0XCE,0X7E,0XFF,0XFF,
0XC5,0XD9,0XE7,0X3E,0XE7,0X3D,0XEF,0X3E,0XBD,0XDB,0XA5,0X3A,0XA5,0X5A,0XC6,0X5E,
0XCE,0X5F,0XCE,0X7F,0XCE,0X7F,0XCE,0X5E,0XCE,0X1D,0XCE,0X1D,0XCE,0X1D,0XCE,0X1D,
0XD6,0X3D,0XD6,0X3E,0XCE,0X5E,0XD6,0X7F,0XD6,0X7F,0XD6,0X7F,0XD6,0X7E,0XD6,0X7E,
0XD6,0X7E,0XD6,0X7E,0XD6,0X9E,0XD6,0X9F,0XDE,0XBF,0XDE,0X9E,0XDE,0X7E,0XDE,0X5D,
0XDE,0X5D,0XDE,0X7D,0XE6,0XBE,0XE6,0XBD,0XE6,0XBD,0XE6,0XBD,0XE6,0XBD,0XE6,0XDE,
0XEE,0XFE,0XE6,0XDE,0XEE,0XDE,0XEE,0XFE,0XEE,0XDE,0XE6,0X9E,0XE7,0X1F,0XFF,0XFF,
0XF7,0XBF,0XFF,0XFF,0XDE,0XDD,0XEF,0X5F,0XE6,0XBE,0XCD,0XF8,0XD5,0XF9,0XCE,0X18,
0XD6,0X3A,0XF6,0XFE,0XF7,0X1E,0XF7,0X1E,0XA5,0X5F,0XC6,0X3D,0XEF,0X7E,0XFF,0XFF,
0XFF,0XFF,0XFF,0XDF,0XD6,0X7D,0XAD,0X3C,0XB5,0XBD,0XCE,0X5F,0XCE,0X5F,0XCE,0X5F,
0XCE,0X5F,0XC6,0X3D,0XCE,0X1D,0XCE,0X1E,0XCE,0X1D,0XD6,0X1D,0XCE,0X1D,0XCE,0X1D,
0XD6,0X1D,0XCE,0X3E,0XCE,0X7E,0XD6,0X7E,0XD6,0X7E,0XD6,0X7E,0XD6,0X7E,0XD6,0X7E,
0XD6,0X9E,0XD6,0XBF,0XD6,0XBF,0XD6,0XBF,0XDE,0XBF,0XDE,0X7D,0XDE,0X5D,0XDE,0X5D,
0XDE,0X5D,0XE6,0X9D,0XDE,0X9D,0XE6,0XBD,0XE6,0XBD,0XE6,0XDE,0XE6,0XDE,0XE6,0XDE,
0XE6,0XDE,0XEE,0XDE,0XEE,0XFD,0XF6,0XFE,0XEE,0XBE,0XCE,0X1D,0XFF,0XFF,0XFF,0XDF,
0XEF,0X7D,0XF7,0XBE,0XF7,0X7F,0XE6,0X9E,0XCD,0XD9,0XCD,0XF9,0XD5,0XF9,0XD6,0X1A,
0XF6,0XFD,0XF6,0XFE,0XF6,0XFE,0XA5,0X5F,0XBE,0X1E,0XFF,0XFF,0XEF,0X7E,0XEF,0X7F,
0XEF,0X7F,0XEF,0X9E,0XD6,0X7E,0XC6,0X3F,0XCE,0X5F,0XCE,0X5F,0XCE,0X5F,0XC6,0X3D,
0XCE,0X1D,0XCE,0X1E,0XCE,0X1E,0XCE,0X1E,0XCE,0X1D,0XD6,0X1D,0XCE,0X1D,0XD6,0X1E,
0XD6,0X5F,0XD6,0X7E,0XD6,0X9E,0XD6,0X9E,0XD6,0X7E,0XD6,0X9E,0XD6,0X9E,0XD6,0X9E,
0XD6,0X7E,0XCE,0X7F,0XC6,0X3E,0XD6,0X5E,0XDE,0X9E,0XDE,0X7D,0XDE,0X7D,0XDE,0X9D,
0XDE,0XBE,0XDE,0XBE,0XDE,0XBE,0XE6,0XBE,0XE6,0XBE,0XE6,0XDE,0XE6,0XDE,0XEE,0XFE,
0XEE,0XFE,0XEE,0XFD,0XEE,0XFE,0XE6,0XBD,0XEF,0X5F,0XFF,0XDF,0XF7,0X9E,0XEF,0X7D,
0XDE,0XDD,0XF7,0X7F,0XE6,0X9E,0XCD,0XF9,0XD5,0XF9,0XD5,0XF9,0XD6,0X19,0XEE,0XDD,
0XF6,0XDD,0XEE,0XFD,0XA5,0X5E,0XA5,0X5E,0XFF,0XFF,0XCE,0X7B,0XCE,0X5B,0XBD,0XDA,
0XBD,0XBB,0XAD,0X1B,0XC6,0X3F,0XCE,0X5F,0XCE,0X5F,0XCE,0X5F,0XCE,0X5E,0XCD,0XFE,
0XCE,0X1E,0XCE,0X1E,0XCE,0X1E,0XCE,0X3D,0XCE,0X1D,0XCE,0X1D,0XD6,0X1E,0XD6,0X5E,
0XD6,0X7F,0XD6,0X7E,0XD6,0X7E,0XD6,0X9E,0XD6,0X9E,0XD6,0X9E,0XCE,0X7F,0XAD,0XBD,
0XA5,0XBD,0XA5,0XBE,0XA5,0XBE,0XBD,0XFD,0XDE,0X9E,0XDE,0X9D,0XDE,0X9E,0XDE,0XBE,
0XDE,0XBE,0XDE,0XBE,0XE6,0XBE,0XE6,0XBE,0XE6,0XBE,0XE6,0XBE,0XE6,0XDE,0XEE,0XDE,
0XEE,0XDD,0XEE,0XDD,0XEE,0XBD,0XCD,0XFD,0XFF,0X9F,0XE6,0XDE,0XEF,0X3E,0XD6,0X7D,
0XF7,0X5F,0XD6,0X1C,0XCD,0XD9,0XCD,0XF9,0XD5,0XF9,0XD6,0X1A,0XEE,0XDD,0XEE,0XDD,
0XF6,0XFE,0XA5,0X9E,0XA5,0X3E,0XF7,0XDF,0XFF,0XBF,0XEF,0X7F,0XFF,0XFF,0XC6,0X1D,
0XA5,0X1B,0XB5,0X9C,0XC6,0X5F,0XCE,0X5F,0XCE,0X5F,0XCE,0X5E,0XCE,0X1D,0XCE,0X1E,
0XCE,0X1E,0XCE,0X1E,0XCE,0X1D,0XCE,0X1D,0XCE,0X1D,0XD6,0X1E,0XD6,0X5E,0XD6,0X7F,
0XD6,0X7F,0XD6,0X9F,0XD6,0X9E,0XD6,0X9E,0XD6,0X7E,0XAD,0XBE,0XBD,0XFD,0XD6,0X7E,
0XCE,0X7F,0XAD,0XBD,0XAD,0XBD,0XCE,0X5E,0XDE,0X9E,0XDE,0XBE,0XDE,0XBE,0XDE,0XBE,
0XDE,0XBE,0XDE,0XBE,0XE6,0XBD,0XE6,0XBE,0XE6,0XDE,0XEE,0XDE,0XEE,0XDE,0XEE,0XDE,
0XEE,0XFE,0XEE,0XDE,0XDE,0X7E,0XD6,0X1E,0XBD,0XDC,0XB5,0X7B,0XBD,0X9C,0XE6,0XFE,
0XBD,0X7B,0XCD,0XD8,0XCD,0XD9,0XD5,0XF9,0XE6,0X5B,0XEE,0XBD,0XEE,0XDD,0XF6,0XFD,
0X9D,0X3E,0XA5,0X5D,0XCE,0X5E,0XAD,0X3C,0XAD,0X3C,0XD6,0X7E,0XCE,0X7D,0XBD,0XBC,
0XA5,0X3B,0XAD,0X7B,0XC6,0X5E,0XC6,0X5F,0XCE,0X7F,0XCE,0X5E,0XCE,0X3D,0XCE,0X1D,
0XCE,0X1D,0XCE,0X1D,0XCE,0X1D,0XCE,0X1D,0XD6,0X1E,0XD6,0X5E,0XD6,0X7F,0XD6,0X7F,
0XD6,0X7F,0XD6,0X7E,0XD6,0X7E,0XD6,0X7E,0XAD,0XBD,0XCE,0X7F,0XD6,0X7E,0XD6,0X9F,
0XBE,0X1E,0XAD,0XBE,0XAD,0XDE,0XDE,0X9E,0XDE,0XBE,0XDE,0XBE,0XDE,0XBE,0XDE,0XBE,
0XDE,0XBE,0XE6,0XBD,0XE6,0XDE,0XE6,0XDE,0XEE,0XDE,0XEE,0XDE,0XEE,0XDD,0XEE,0XDE,
0XEE,0XDE,0XE6,0X9E,0XD6,0X5E,0XFF,0XFF,0XFF,0XDF,0XF7,0X9F,0XCE,0X1C,0XC5,0X9A,
0XCD,0XD9,0XCD,0XB9,0XCD,0XD9,0XE6,0X7B,0XEE,0XBD,0XEE,0XDD,0XEE,0XDD,0XA5,0X5E,
0XAD,0X5C,0XF7,0XDF,0XFF,0XFF,0XFF,0XFF,0XFF,0XFF,0XFF,0XBF,0XAD,0X3A,0XA5,0X3A,
0XA5,0X3A,0XA5,0X3A,0XC6,0X3E,0XCE,0X7F,0XCE,0X7F,0XCE,0X7F,0XCE,0X5E,0XCE,0X1D,
0XCE,0X1E,0XCE,0X1D,0XCE,0X1D,0XCE,0X3D,0XCE,0X7E,0XD6,0X7F,0XD6,0X7F,0XD6,0X7F,
0XD6,0X7E,0XD6,0X7E,0XD6,0X7E,0XAD,0XBD,0XBD,0XFD,0XD6,0X9E,0XCE,0X7F,0XAD,0XBD,
0XAD,0XBC,0XAD,0XBC,0XBE,0X1D,0XDE,0X9E,0XDE,0XBE,0XDE,0XBE,0XDE,0XBE,0XE6,0X9D,
0XE6,0XBE,0XE6,0XDE,0XEE,0XDE,0XEE,0XDE,0XE6,0XDE,0XEE,0XDE,0XEE,0XDE,0XE6,0X9E,
0XE7,0X1E,0XEF,0X7F,0XFF,0XFF,0XEF,0X3E,0XF7,0X9F,0XFF,0XBF,0XC5,0X99,0XCD,0XB9,
0XCD,0XD9,0XD5,0XF9,0XD5,0XD9,0XEE,0XBD,0XEE,0XDD,0XEE,0XDD,0XA5,0X5F,0XAD,0X7C,
0XFF,0XDE,0XF7,0X9E,0XFF,0XFF,0XF7,0X9F,0XFF,0XDF,0XAD,0X3B,0XA5,0X3A,0XA5,0X3A,
0XA5,0X3A,0XA5,0X3A,0XC6,0X1D,0XD6,0X7F,0XCE,0X7F,0XCE,0X7F,0XCE,0X7F,0XCE,0X3E,
0XCE,0X1E,0XCE,0X1E,0XD6,0X5E,0XD6,0X7F,0XD6,0X7F,0XD6,0X7F,0XD6,0X7F,0XD6,0X7E,
0XD6,0X7E,0XD6,0X7E,0XAD,0XBD,0XAD,0XBE,0XB5,0XFE,0XA5,0X39,0X94,0XB6,0X94,0XB4,
0X8C,0X51,0XAD,0XDC,0XDE,0X9E,0XDE,0XBE,0XDE,0XBE,0XDE,0XBE,0XE6,0XBE,0XE6,0XBD,
0XE6,0XDE,0XE6,0XDE,0XEE,0XDE,0XE6,0XBC,0XA4,0XB3,0XBD,0X76,0XE6,0X9E,0XCE,0X1C,
0XFF,0XFF,0XFF,0XFF,0XE7,0X3E,0XFF,0XDF,0XEF,0X3E,0XD6,0X1C,0XD6,0X1A,0XCD,0XD9,
0XCD,0XD9,0XD5,0XD9,0XEE,0XBD,0XEE,0XBD,0XF6,0XDE,0X9D,0X3E,0XCE,0X7F,0XFF,0XFF,
0XF7,0XBE,0XFF,0XFF,0XF7,0X9E,0XBD,0XDA,0XAD,0X1C,0XA5,0X3A,0XA5,0X3A,0XA5,0X3A,
0XA5,0X3A,0XA5,0X59,0XDE,0XDD,0XCE,0X7F,0XCE,0X7F,0XD6,0X7E,0XCE,0X5E,0XD6,0X9F,
0XD6,0X7E,0XD6,0X7F,0XD6,0X7F,0XCE,0X7E,0XD6,0X7F,0XD6,0X7F,0XD6,0X7E,0XD6,0X7E,
0XD6,0X7E,0XB5,0XDD,0XAD,0XBE,0XAD,0XDD,0X8C,0X73,0X8C,0X70,0XA4,0XF5,0X8C,0X51,
0XAD,0XBC,0XD6,0X7E,0XDE,0X9E,0XDE,0XBE,0XDE,0XBE,0XE6,0XBE,0XE6,0XDE,0XE6,0XDE,
0XE6,0XDE,0XE6,0XDD,0X94,0X31,0X8C,0X50,0X94,0X50,0XE6,0XBC,0XD6,0X3D,0XFF,0XFF,
0XFF,0XFF,0XFF,0XDF,0XE7,0X3E,0XD6,0X7C,0XD6,0X1C,0XD6,0X3A,0XCD,0XD9,0XCD,0XB9,
0XCD,0XD9,0XEE,0X9D,0XEE,0XBE,0XEE,0XBD,0X9D,0X5E,0XA5,0X3C,0XF7,0XBF,0XF7,0XBE,
0XFF,0XFF,0XF7,0XBF,0XFF,0XFF,0XAD,0X7C,0XA5,0X5D,0XA5,0X3A,0XA5,0X3A,0XA5,0X3A,
0XA5,0X1A,0XAD,0X59,0XAD,0X7B,0XCE,0X5E,0XCE,0X7E,0XD6,0X7E,0XCE,0X7E,0XD6,0X7E,
0XD6,0X7F,0XD6,0X7F,0XD6,0X7F,0XD6,0X7F,0XD6,0X7F,0XD6,0X7E,0XD6,0X7E,0XD6,0X7E,
0XBE,0X3F,0XAD,0XBE,0XAD,0XBE,0X94,0XB4,0X8C,0X50,0XAD,0X58,0X8C,0X50,0XAD,0X7A,
0XC6,0X3E,0XD6,0X7E,0XDE,0X9E,0XDE,0XBE,0XE6,0XBE,0XE6,0XDE,0XE6,0XDE,0XE6,0XDE,
0X94,0X52,0X94,0X51,0XBD,0X95,0X94,0X50,0XCD,0XF9,0XCE,0X1D,0XF7,0X9F,0XD6,0X5D,
0XD6,0X5E,0XD6,0X5D,0XF7,0X7F,0XD6,0X1C,0XD5,0XFA,0XCD,0XD9,0XCD,0XD9,0XCD,0XD8,
0XEE,0X9D,0XEE,0X9D,0XEE,0XBD,0X9D,0X3E,0XA5,0X3C,0XF7,0X9F,0XE7,0X3F,0XE7,0X1F,
0XEF,0X7E,0XEF,0X7E,0XBD,0XBC,0XAD,0X7E,0XAD,0X7D,0XA5,0X5B,0XA5,0X3A,0XA5,0X3A,
0XA5,0X3A,0XA5,0X3A,0XA5,0X3A,0XAD,0X9B,0XCE,0X9F,0XCE,0X7F,0XCE,0X7F,0XCE,0X9F,
0XCE,0X5E,0XCE,0X5E,0XD6,0X7F,0XD6,0X7E,0XD6,0X7E,0XD6,0X7D,0XBD,0XD9,0X94,0X92,
0X8C,0X74,0XAD,0XBD,0X94,0XD5,0X8C,0X50,0XB5,0XB9,0X8C,0X51,0XAD,0X77,0XBD,0XDA,
0X94,0X93,0X94,0X93,0X9C,0XD4,0XB5,0X56,0XC5,0XD8,0XD6,0X7A,0XC5,0XB7,0X8C,0X50,
0XA5,0X13,0XCE,0X37,0X8C,0X50,0XC5,0XD8,0XCD,0XFD,0XDE,0XDE,0XDE,0XDE,0XDE,0XDE,
0XE7,0X3F,0XDE,0X9F,0XCD,0XFC,0XCD,0XD9,0XCD,0XD9,0XCD,0XD9,0XCD,0XB9,0XE6,0X5C,
0XF6,0XBE,0XEE,0X9D,0X9D,0X3E,0XA5,0X3E,0XA5,0X3C,0X94,0X9A,0X94,0X9A,0X9C,0XBA,
0XAD,0X3B,0XBD,0X9D,0XAD,0X9E,0XAD,0X9F,0XAD,0X9F,0XA5,0X5B,0XA5,0X39,0XA5,0X3A,
0XA5,0X3A,0XA5,0X3A,0XA5,0X3A,0XBD,0XDD,0XCE,0X7F,0XCE,0X7F,0XC6,0X5D,0XC6,0X1C,
0XC5,0XFC,0XC5,0XFB,0XAD,0X57,0X8C,0X51,0X8C,0X50,0X94,0X30,0X8C,0X30,0X8C,0X50,
0XFF,0XFF,0XD6,0X99,0X8C,0X50,0XFF,0XDF,0XFF,0XDF,0XFF,0XFF,0XB5,0X95,0X94,0X71,
0X8C,0X50,0X8C,0X50,0X8C,0X50,0X94,0X50,0X94,0X50,0X94,0X50,0X8C,0X50,0XFF,0XFE,
0XEF,0X5B,0X94,0X50,0XCE,0X1A,0XC5,0XDC,0XCE,0X5D,0XD6,0X5D,0XCE,0X5C,0XFF,0XDF,
0XCE,0X1D,0XD6,0X5C,0XCD,0XD9,0XCD,0XD9,0XCD,0XD9,0XD6,0X1B,0XE6,0X9D,0XEE,0X9D,
0XEE,0X9D,0X9D,0X3E,0XA4,0XFB,0XFF,0XDF,0XFF,0XFF,0XFF,0XFF,0XFF,0XFF,0XFF,0XFF,
0XBD,0XDC,0XA5,0X7E,0XAD,0X7F,0XAD,0X9F,0XAD,0X9E,0XA5,0X3C,0XA5,0X3A,0XA5,0X3A,
0XA5,0X3A,0XA5,0X3A,0XAD,0X9B,0XCE,0X7F,0XCE,0X5F,0XC6,0X1C,0XC6,0X1C,0XAD,0X36,
0X8C,0X50,0X8C,0X50,0X94,0X70,0X9C,0XB1,0XF7,0X7D,0XFF,0XDF,0XFF,0XFF,0XFF,0XFF,
0XFF,0XFF,0XF7,0X9D,0XFF,0XFF,0XFF,0XFF,0XFF,0XFF,0XFF,0XFF,0XFF,0XFF,0XFF,0XFF,
0XFF,0XFF,0XFF,0XDF,0XF7,0X7D,0XD6,0X99,0XA5,0X14,0XDE,0XFB,0XFF,0XFF,0XDE,0XFB,
0X8C,0X50,0XD6,0X3A,0XE6,0XDE,0XFF,0XFF,0XCE,0X3C,0XDE,0X9E,0XE7,0X1D,0XEF,0X3E,
0XC5,0X9B,0XCD,0XD9,0XCD,0XD9,0XCD,0XD9,0XE6,0X7D,0XEE,0X7D,0XEE,0X7D,0XEE,0X9D,
0X94,0XFC,0X9C,0XD9,0XFF,0XDF,0XFF,0XFF,0X9C,0XD9,0XC5,0XFC,0XFF,0XFF,0XAD,0X5C,
0XAD,0X7E,0XAD,0X7F,0XAD,0X7F,0XAD,0X7F,0XAD,0X9E,0XAD,0X7D,0XA5,0X1A,0XA5,0X3A,
0XA5,0X3A,0XAD,0X7B,0XCE,0X7F,0XCE,0X7F,0XCE,0X5D,0X8C,0X50,0X94,0X50,0X8C,0X50,
0XCE,0X58,0XFF,0XDF,0XFF,0XBE,0XF6,0XFC,0XF6,0XFC,0XF7,0X5D,0XFF,0XFF,0XFF,0XFF,
0XFF,0XFF,0XFF,0XFF,0XFF,0XFF,0XFF,0X9E,0XF6,0XFC,0XFF,0XFF,0XFF,0XFF,0XFF,0XFF,
0XFF,0XFF,0XFF,0XFF,0XFF,0XFF,0XFF,0XFF,0XFF,0XFF,0XFF,0XFF,0XD6,0X9A,0X8C,0X50,
0XDE,0X5B,0XCE,0X3E,0XC5,0XFC,0XC5,0XFC,0XDE,0XBD,0XFF,0XFF,0XBD,0XBB,0XC5,0XB9,
0XCD,0XD9,0XCD,0XD9,0XD5,0XD9,0XE6,0X5C,0XE6,0X7D,0XEE,0X7D,0XEE,0X9D,0X7C,0X17,
0X9C,0XD9,0XFF,0XDF,0XFF,0XFF,0XFF,0XFF,0XEF,0X5F,0XC6,0X1C,0X94,0X9A,0X84,0X58,
0X84,0X37,0X8C,0X78,0XA5,0X5D,0XAD,0X9E,0XAD,0X9E,0XA5,0X3A,0XA5,0X3A,0XA5,0X3A,
0XAD,0X7B,0XCE,0X7F,0XCE,0X7F,0X9C,0XD6,0X94,0X50,0XB5,0X75,0XFF,0XDF,0XFF,0XFF,
0XEF,0X1C,0XFE,0XFC,0XFE,0XFC,0XF6,0XFC,0XFF,0X5D,0XFF,0XFF,0XFF,0XFF,0XFF,0XFF,
0XFF,0XFF,0XEF,0XDF,0XF7,0XDE,0XF7,0X1C,0XFF,0XFF,0XFF,0XFF,0XFF,0XFF,0XFF,0XFF,
0XFF,0XFF,0XFF,0XFF,0XFF,0XFF,0XFF,0XFF,0XFF,0XFF,0XD6,0X59,0X94,0X50,0XDE,0X5B,
0XCE,0X1C,0XFF,0XDF,0XFF,0XBF,0XF7,0X7F,0XFF,0XDF,0XF7,0X5F,0XC5,0X9A,0XCD,0XB9,
0XCD,0XB9,0XE6,0X7C,0XE6,0X7D,0XEE,0X7D,0XEE,0X7D,0XEE,0X7D,0X7C,0X36,0X9C,0XB9,
0XFF,0XFF,0XFF,0XFF,0XFF,0XDF,0X9C,0XBA,0XEF,0X5F,0XAD,0X7A,0X84,0X37,0X84,0X36,
0X84,0X57,0X84,0X57,0X9C,0XDA,0XAD,0X9D,0XA5,0X3A,0XA5,0X3A,0XA5,0X3A,0XA5,0X3A,
0XCE,0X5F,0XCE,0X9F,0XC6,0X3B,0X94,0X50,0X8C,0X70,0XFF,0XFF,0XFF,0XFF,0XEF,0X1C,
0XF6,0XFC,0XF6,0XFC,0XF7,0X1C,0XF7,0X5D,0XFF,0XFF,0XFF,0XFF,0XFF,0XFF,0X95,0X99,
0XA6,0X1C,0X9D,0XDB,0XFF,0XFF,0XFF,0XFF,0XFF,0XFF,0XFF,0XFF,0XFF,0XFF,0XFF,0XFF,
0XFF,0XFF,0XFF,0XFF,0XFF,0XFF,0X94,0XB2,0X9C,0XF2,0X8C,0X50,0XDE,0X7C,0XCE,0X1D,
0XC5,0XDE,0XC5,0XDE,0XD6,0X5E,0XBD,0XBD,0XD6,0X7D,0XBD,0X7A,0XCD,0XD9,0XCD,0XB9,
0XE6,0X7D,0XE6,0X7D,0XE6,0X5C,0XE6,0X5D,0XE6,0X5C,0X7C,0X16,0X94,0XD9,0XFF,0XFF,
0XFF,0XFF,0XFF,0XBF,0XFF,0XFF,0XFF,0XFF,0XA5,0X1B,0X84,0X37,0X84,0X37,0X8C,0X58,
0X8C,0X58,0X84,0X78,0X94,0XBA,0XA5,0X3B,0XA5,0X3B,0XA5,0X3A,0XA5,0X3A,0XCE,0X7F,
0XCE,0X7F,0XBD,0XFD,0X9C,0XD5,0X94,0X50,0X8C,0X30,0XFF,0XDF,0XFF,0XFF,0XF7,0X3D,
0XFF,0X1C,0XFF,0X1C,0XFF,0X7E,0XFF,0XFF,0XFF,0XFF,0XFF,0XFF,0XC6,0XFE,0XFF,0XFF,
0X85,0X5C,0XE7,0XBF,0XFF,0XFF,0XFF,0XFF,0XFF,0XFF,0XFF,0XFF,0XFF,0XFF,0XFF,0XFF,
0XFF,0XFF,0XE7,0X1C,0X94,0X50,0X8C,0X71,0X8C,0X51,0XDE,0X5C,0XD6,0X7D,0XDE,0XBD,
0XDE,0X9D,0XD6,0X5E,0XF7,0X5E,0XDE,0XBD,0XBD,0X9A,0XCD,0X99,0XC5,0X99,0XDE,0X1D,
0XE6,0X3E,0XDE,0X1D,0XDE,0X1C,0XE6,0X3D,0X7C,0X17,0X94,0XDA,0XC6,0X3C,0XCE,0X7D,
0X9C,0XBA,0X9C,0XBA,0X94,0XBA,0X9C,0XFD,0XA5,0X7D,0XA5,0X5D,0XA5,0X3B,0XD6,0X9E,
0XD6,0XBE,0XAD,0X5B,0XD6,0X9F,0XAD,0X5B,0XA5,0X1A,0XA5,0X3A,0XC6,0X5F,0XC6,0X5E,
0XBD,0XFC,0XBD,0XDC,0X9C,0XB3,0X8C,0X50,0X8C,0X50,0XEF,0X7D,0XFF,0XFF,0XFF,0XDF,
0XF7,0X7D,0XFF,0XFF,0XFF,0XFF,0XFF,0XFF,0XFF,0XFF,0X85,0X9D,0X85,0X7D,0X7D,0X7E,
0X8D,0X7B,0XFF,0XFF,0XFF,0XFF,0XFF,0XFF,0XFF,0XFF,0XFF,0XFF,0XFF,0XFF,0XFF,0XFF,
0XFF,0XFF,0XEF,0X3C,0XD6,0X58,0X94,0X50,0XB5,0X36,0XCE,0X3C,0XEF,0X5E,0XDE,0XBD,
0XFF,0XBF,0XFF,0XBF,0XC5,0XBD,0XC5,0XBA,0XC5,0XBB,0XCE,0X3C,0XD6,0X5D,0XC5,0XDC,
0XCD,0XDC,0XE6,0XBF,0XDE,0X1D,0X7C,0X16,0X94,0XDA,0XFF,0XFE,0XF7,0XBF,0XF7,0XBE,
0XDE,0XDD,0XEF,0X9F,0XA5,0X3C,0X84,0X38,0X9C,0XD9,0XFF,0XFE,0XFF,0XFF,0XFF,0XFF,
0XFF,0XFF,0XFF,0XFF,0XB5,0XBC,0XA5,0X3A,0XA5,0X3A,0XC6,0X5F,0XCE,0X7F,0XBD,0XDC,
0XBD,0XFB,0XBD,0XFC,0XB5,0X98,0X94,0X51,0X94,0X10,0XB5,0X75,0XFF,0XFF,0XFF,0XFF,
0XFF,0XFF,0XFF,0XFF,0XFF,0XFF,0XFF,0XFF,0X8D,0X5B,0X7D,0X9E,0X7D,0X9E,0X85,0X9D,
0XFF,0XFF,0XFF,0XFF,0XFF,0XFF,0XFF,0XFF,0XFF,0XFF,0XFF,0XFF,0XFF,0XFF,0XFF,0XFF,
0XFF,0XDE,0XC5,0XD5,0X94,0X50,0XC5,0XB9,0XE6,0XFE,0XEF,0X5F,0XE7,0X3D,0XD6,0X9C,
0XBD,0X9C,0XDE,0X9D,0XC5,0X7B,0XEF,0X3F,0XCE,0X5B,0XD6,0X9D,0XE6,0XFD,0XF7,0X9E,
0XC5,0XDC,0XDE,0X3C,0X7B,0XF7,0X9C,0XBA,0XFF,0XFF,0XF7,0XDE,0XF7,0XBE,0XF7,0XBF,
0XEF,0X7E,0XA5,0X1A,0X84,0X57,0X94,0XB9,0XDE,0XDF,0XF7,0XBF,0XF7,0XDF,0XE7,0X3E,
0XE7,0X3F,0XA4,0XFA,0XA5,0X3A,0XA5,0X3A,0XCE,0X7F,0XCE,0X5D,0X29,0X66,0X29,0X86,
0X52,0XAC,0XCE,0X3E,0XD6,0X7D,0X8C,0X51,0X8C,0X50,0X9C,0XB2,0XFF,0XFF,0XCE,0X58,
0XD6,0X58,0XFF,0XFF,0XFF,0XFF,0XE7,0XFF,0X85,0X9D,0X7D,0X9E,0X85,0X7C,0XFF,0XFF,
0XFF,0XFF,0XFF,0XFF,0XFF,0XFF,0XFF,0XFF,0XFF,0XFF,0XFF,0XFF,0XFF,0XFF,0XFF,0XFF,
0X94,0X50,0X94,0X71,0XEE,0XDD,0XDE,0X7E,0XCE,0X1C,0XD6,0X9D,0XE6,0XFD,0XC5,0XFB,
0XF7,0X9F,0XBD,0X7B,0XEF,0X3E,0XB5,0X7A,0XBD,0XDA,0XD6,0X7D,0XD6,0X5F,0XDE,0X3D,
0XE6,0X5D,0X7C,0X17,0XCE,0X7D,0XFF,0XFF,0XFF,0XFF,0XFF,0XDF,0XF7,0XDF,0XEF,0X5F,
0XA5,0X1A,0X84,0X36,0X94,0X9A,0XFF,0XFF,0XD6,0XBC,0XFF,0XFF,0XC6,0X1C,0XF7,0XBF,
0XB5,0XBC,0XA5,0X1A,0XA5,0X3A,0XC6,0X3E,0X29,0X87,0X39,0XE9,0XCE,0X3C,0X8C,0X73,
0X6B,0X4F,0XCE,0X3C,0XCE,0X7D,0X8C,0X50,0X8C,0X50,0XFF,0XFF,0XFF,0XDF,0XDE,0XDB,
0XFF,0XFF,0XFF,0XFF,0XFF,0XFF,0XE7,0X7F,0X8D,0X7B,0XEF,0XBF,0XFF,0XFF,0XFF,0XFF,
0XFF,0XFF,0XFF,0XFF,0XFF,0XFF,0XFF,0XFF,0XFF,0XFF,0XFF,0XFF,0XFF,0XFF,0X8C,0X50,
0X9C,0X72,0XE6,0XFD,0XE6,0X9E,0XCD,0XFD,0XFF,0XFF,0XFF,0XFF,0XFF,0XDF,0XD6,0X7D,
0XBD,0X9B,0XEF,0X3E,0XB5,0X79,0XBD,0XDA,0XDE,0XBD,0XC5,0XDC,0XD6,0X1E,0XE6,0X5D,
0X7C,0X17,0X9C,0XF9,0XFF,0XFF,0XF7,0XDE,0XF7,0XBE,0XF7,0XBF,0XF7,0X9F,0XA4,0XF9,
0X8C,0X99,0XA5,0X5D,0XFF,0XFF,0XE7,0X1D,0XFF,0XFF,0X9C,0XBA,0XF7,0X7F,0XBD,0XDC,
0XA5,0X1A,0XA5,0X5A,0XC6,0X3D,0X31,0X86,0XC6,0X1C,0X42,0X09,0X31,0XA6,0X31,0X86,
0X29,0X65,0X63,0X2E,0X8C,0X50,0X8C,0X50,0XFF,0XDE,0XD6,0X79,0XD6,0X99,0XFF,0XFF,
0XFF,0XFF,0XFF,0XFF,0XFF,0XFF,0XFF,0XFF,0XFF,0XFF,0XC6,0X37,0XFF,0XFF,0XFF,0XFF,
0XFF,0XFF,0XFF,0XFF,0XFF,0XFF,0XFF,0XFF,0XFF,0XFF,0XFF,0XFF,0X94,0X50,0XAC,0XF5,
0XE6,0XDE,0XDE,0X7E,0XC5,0XDD,0XDE,0XDF,0XBD,0XDD,0XC5,0XDE,0XC5,0XBC,0XCD,0XFC,
0XE6,0XFE,0XFF,0XFF,0XFF,0XFF,0XD6,0X5C,0XFF,0XBF,0XE6,0XFE,0XDE,0X3D,0X7C,0X17,
0X94,0X99,0XFF,0XFF,0XFF,0XDF,0XF7,0XDE,0XF7,0XBF,0XFF,0XFF,0XA5,0X5B,0XA5,0X5E,
0XA5,0X5E,0XF7,0XBF,0XFF,0XDF,0XFF,0XFF,0XB5,0X5B,0XFF,0XFF,0XAD,0X3B,0XA5,0X1A,
0XA5,0X3A,0X9C,0XD6,0X31,0X86,0XB5,0X9A,0X31,0X86,0XAD,0X77,0X63,0X2E,0X94,0X93,
0X31,0X86,0X8C,0X50,0X8C,0X50,0XF7,0XDE,0XCE,0X58,0XCE,0X58,0XF7,0X9E,0XFF,0XFF,
0XFF,0XFF,0XFF,0XFF,0XFF,0XFF,0XFF,0XFF,0X9C,0XD3,0XFF,0XFF,0XFF,0XFF,0XFF,0XFF,
0XFF,0XFF,0XFF,0XFF,0XFF,0XFF,0XFF,0XFF,0XAD,0X75,0X8C,0X70,0XAC,0XF4,0XE6,0XBE,
0XCE,0X3C,0XF7,0XBF,0XF7,0XBF,0XFF,0XFF,0XFF,0XFF,0XFF,0XBF,0XCD,0XFC,0XBD,0X9C,
0XB5,0X5B,0XB5,0X5B,0XB5,0X3C,0XCD,0XDD,0XC5,0XDD,0XDE,0X1D,0X7C,0X39,0X8C,0X59,
0XEF,0X5F,0XB5,0X7A,0XCE,0X3D,0X9C,0XBB,0X9C,0XDB,0X94,0XDC,0X84,0X79,0X8C,0X79,
0XAD,0X5C,0XDE,0XDF,0XA4,0XFB,0XCE,0X7E,0XAD,0X5C,0XAD,0X1D,0XA5,0X3B,0XA5,0X5B,
0X8C,0X75,0X31,0X86,0XAD,0X7A,0X31,0X86,0X29,0X66,0X29,0X87,0XCE,0X5C,0X31,0XA7,
0X84,0X30,0X8C,0X50,0XFF,0XFF,0XFF,0XFF,0XFF,0XFF,0XFF,0XFF,0XFF,0XFF,0XFF,0XFF,
0XFF,0XFF,0XFF,0XFF,0XFF,0XFF,0XFF,0XFF,0XFF,0XFF,0XFF,0XFF,0XFF,0XFF,0XFF,0XFF,
0XFF,0XFF,0XFF,0XFF,0XFF,0XFF,0X8C,0X71,0X94,0X50,0X8C,0X51,0XDE,0X7D,0XE6,0XFE,
0XDE,0XDC,0XEF,0X3F,0XEF,0X3E,0XFF,0XFF,0XBD,0XBB,0XD6,0X1D,0XBD,0XBB,0XE6,0XFE,
0XF7,0X9F,0XDE,0XBD,0XCD,0XFC,0XCD,0XFD,0XDE,0X1D,0X9D,0X1E,0X8C,0XBB,0X84,0X39,
0X84,0X18,0X7C,0X17,0X7C,0X38,0X7C,0X17,0X7C,0X17,0X73,0XF6,0X8C,0X79,0XFF,0XFF,
0XF7,0XDF,0XD6,0X7C,0XF7,0XBF,0XE7,0X3E,0XC6,0X3C,0XA5,0X3A,0XAD,0X7B,0XCE,0X5D,
0X29,0X66,0X52,0X8C,0XAD,0X98,0X7B,0XF1,0XC6,0X1B,0X31,0XA7,0X29,0X86,0X8C,0X70,
0X8C,0X70,0XFF,0XDE,0XCE,0X58,0XCE,0X59,0XFF,0XFF,0XFF,0XFF,0XFF,0XFF,0XEF,0XFF,
0X95,0X9B,0XD7,0X3E,0XFF,0XFF,0XFF,0XFF,0XFF,0XFF,0XFF,0XFF,0XFF,0XFF,0XFF,0XFF,
0XFF,0XFF,0XFF,0XFF,0XFF,0XDE,0XD6,0X57,0X94,0X4F,0XB5,0X57,0XEF,0X3F,0XFF,0XDF,
0XDE,0XBC,0XDE,0XDC,0XD6,0X9C,0XFF,0XDF,0XC5,0XBC,0XDE,0XBD,0XFF,0XFF,0XF7,0XBE,
0XF7,0X9E,0XEF,0X5E,0XE6,0XBE,0XDE,0X1D,0X9D,0X3E,0X95,0X1E,0X95,0X1D,0X7C,0X59,
0X73,0XF7,0X73,0XF7,0X7C,0X37,0X74,0X16,0X7C,0X17,0X8C,0X99,0XFF,0XFF,0XFF,0XDF,
0XEF,0X9E,0XEF,0X5F,0XEF,0X7E,0XAD,0X3A,0XA5,0X3A,0XB5,0XDD,0XC6,0X3E,0X9C,0XF7,
0X31,0X86,0X31,0X85,0X31,0X86,0X31,0X86,0X31,0X86,0XBD,0XB7,0X8C,0X50,0X94,0X71,
0XFF,0XFF,0XD6,0X79,0XDE,0XDA,0XFF,0XFF,0XFF,0XFF,0XF7,0XFF,0XC6,0XFD,0XE7,0XBF,
0X85,0X7D,0XFF,0XFF,0XFF,0XFF,0XFF,0XFF,0XFF,0XFF,0XFF,0XFF,0XFF,0XFF,0XFF,0XFF,
0XFF,0XFF,0XFF,0XFF,0XB5,0X96,0X94,0X50,0XCD,0XF9,0XCE,0X1D,0XFF,0XDF,0XEF,0X5E,
0XE7,0X3E,0XE7,0X3E,0XD6,0X5D,0XC5,0X9B,0XF7,0X5F,0XE7,0X1C,0XF7,0X9E,0XEF,0X3D,
0XD6,0X7B,0XCD,0XFD,0XE6,0X3D,0X95,0X3E,0X95,0X1E,0X95,0X1E,0X9D,0X5E,0X9D,0X3E,
0X9D,0X3D,0X94,0XFC,0X94,0XDC,0X9D,0X1D,0XA5,0X5D,0XF7,0XBE,0XFF,0XFF,0XD6,0X9D,
0XB5,0X9B,0XFF,0XFF,0XA5,0X3B,0XA5,0X3A,0XC6,0X5F,0XCE,0X5F,0XCE,0X5F,0XC6,0X3E,
0XBD,0XFB,0X84,0X33,0XBD,0XD9,0X8C,0X50,0X94,0X50,0X94,0X50,0XDE,0XBA,0XFF,0XFF,
0XFF,0XFF,0XFF,0XFF,0XFF,0XFF,0XFF,0XFF,0XB6,0X9E,0X9D,0XFC,0XC6,0XFF,0X7D,0X7E,
0XFF,0XFF,0XFF,0XFF,0XFF,0XFF,0XFF,0XFF,0XFF,0XFF,0XFF,0XFF,0XFF,0XFF,0XFF,0XFF,
0XFF,0XFF,0X94,0X71,0X8C,0X51,0XEE,0XFD,0XC5,0XFD,0XFF,0XFF,0XEF,0X3E,0XFF,0XDF,
0XFF,0XDF,0XC5,0XDC,0XC5,0X9A,0XBD,0X9A,0XE7,0X1D,0XF7,0X9E,0XEF,0X5D,0XDE,0XDB,
0XE6,0XFE,0XDE,0X1D,0X9D,0X1E,0X95,0X1E,0X95,0X3E,0X95,0X3E,0X95,0X3E,0X9D,0X1E,
0X9D,0X3E,0X9D,0X3E,0X9D,0X1D,0XA5,0X1C,0XE6,0XFE,0XF7,0X9F,0XD6,0X9B,0XFF,0XFE,
0XFF,0XFF,0XBD,0XFC,0XC6,0X3F,0XCE,0X5F,0XCE,0X5F,0XCE,0X5F,0XCE,0X5F,0XC6,0X5F,
0XC6,0X3C,0X8C,0X50,0X8C,0X50,0XBE,0X17,0XFF,0XFF,0XFF,0XFF,0XFF,0XDF,0XFF,0XFF,
0XFF,0XFF,0XFF,0XFF,0XFF,0XFF,0X85,0X7C,0X7D,0X9E,0X85,0X7E,0X7D,0X7E,0XFF,0XFF,
0XFF,0XFF,0XFF,0XFF,0XFF,0XFF,0XFF,0XFF,0XFF,0XFF,0XFF,0XFF,0XFF,0XFF,0X8C,0X50,
0X94,0X30,0X94,0X31,0XE6,0XBE,0XC5,0XFD,0XCE,0X3D,0XC5,0XDD,0XC5,0XFC,0XF7,0XBF,
0XEF,0X1F,0XC5,0X7B,0XBD,0X9B,0XE6,0XFE,0XF7,0X9F,0XF7,0X9F,0XF7,0X9F,0XCE,0X1D,
0XE6,0X3D,0X9D,0X1E,0X95,0X1E,0X95,0X1E,0X95,0X1E,0X95,0X3E,0X95,0X3F,0X9D,0X5E,
0X9D,0X3C,0X9C,0XF9,0XA5,0X1B,0XDE,0XDE,0XFF,0XFF,0XFF,0XFF,0XC5,0XDD,0XEF,0X7F,
0XCE,0X3E,0XC6,0X1F,0XCE,0X5F,0XCE,0X5F,0XCE,0X5F,0XC6,0X5F,0XC6,0X3C,0X8C,0X50,
0X8C,0X70,0XE7,0X1B,0XFF,0XFF,0XFF,0XDE,0XF6,0XFC,0XF6,0XFC,0XFF,0XDF,0XFF,0XFF,
0XFF,0XFF,0XFF,0XFF,0X85,0X5C,0X7D,0X7E,0X7D,0X7E,0X85,0X7B,0XFF,0XFF,0XFF,0XFF,
0XFF,0XFF,0XFF,0XFF,0XFF,0XFF,0XFF,0XFF,0XFF,0XFF,0XFF,0XFF,0X94,0X71,0X94,0X30,
0X8C,0X51,0XE6,0X9E,0XCE,0X3D,0XF7,0X9E,0XFF,0XFF,0XFF,0XFF,0XFF,0XFF,0XEF,0X5F,
0XBD,0X9A,0XB5,0X7B,0XC5,0XFC,0XC5,0XDD,0XDE,0X9E,0XBD,0XBD,0XBD,0X9C,0XDE,0X3D,
0X95,0X1E,0X95,0X3E,0X95,0X3E,0X95,0X3E,0X95,0X3E,0X95,0X3E,0X95,0X3C,0X95,0X1A,
0X9C,0XFA,0XA4,0XFB,0XC6,0X1D,0XAD,0X5B,0XBD,0XBC,0XDE,0XDF,0XC5,0XFD,0XB5,0X9D,
0XC6,0X3F,0XCE,0X3E,0XC5,0XFE,0XC5,0XFE,0XC6,0X1D,0X8C,0X50,0X94,0X50,0XE7,0X1B,
0XFF,0XDE,0XF7,0X5D,0XF7,0X1C,0XFF,0X1C,0XFE,0XFC,0XFF,0X9E,0XFF,0XFF,0XFF,0XFF,
0XFF,0XFF,0X85,0X5C,0X7D,0X7E,0X7D,0X7E,0XB6,0X9D,0XFF,0XFF,0XFF,0XFF,0XFF,0XFF,
0XFF,0XFF,0XFF,0XFF,0XFF,0XFF,0XFF,0XFF,0XFF,0XFF,0XFF,0XFF,0X94,0X51,0X8C,0X51,
0XE6,0X9D,0XD6,0X7D,0XF7,0X9D,0XFF,0XFF,0XF7,0XDE,0XFF,0XFF,0XC5,0XFC,0XBD,0X9B,
0XE6,0XDE,0XD6,0XBB,0XD6,0X9C,0XFF,0XFF,0XCE,0X5C,0XEE,0XFF,0XDE,0X3D,0X95,0X1E,
0X95,0X1E,0X95,0X3E,0X95,0X3E,0X95,0X1E,0X94,0XFC,0X94,0XDA,0X94,0XFA,0X9C,0XF9,
0X9C,0XFB,0XFF,0XDF,0XFF,0XFF,0XF7,0X7F,0XFF,0XFF,0XE7,0X3E,0XC6,0X3D,0XC5,0XFE,
0XC5,0XFD,0XC5,0XFE,0XC5,0XFE,0X8C,0X73,0X94,0X71,0XC6,0X37,0XFF,0XFF,0XFF,0XDF,
0XFE,0XFC,0XF7,0X1C,0XFF,0X1C,0XFE,0XFC,0XFF,0X9E,0XFF,0XFF,0XFF,0XFF,0XFF,0XFF,
0XE7,0XBF,0X8D,0X7A,0XAE,0X3C,0XFF,0XBF,0XFF,0XFF,0XFF,0XFF,0XFF,0XFF,0XFF,0XFF,
0XFF,0XFF,0XFF,0XFF,0XFF,0XFF,0XFF,0XFF,0XFF,0XFF,0X8C,0X71,0X8C,0X30,0XDE,0X9D,
0XDE,0XBE,0XF7,0X9E,0XFF,0XFF,0XF7,0XBE,0XFF,0XFF,0XBD,0XBB,0XBD,0X9A,0XEF,0X3F,
0XE7,0X3D,0XEF,0X5E,0XFF,0XBF,0XF7,0XBF,0XC5,0XBB,0XDE,0X5D,0X95,0X1E,0X95,0X1E,
0X9D,0X1F,0X95,0X1F,0X9D,0X1D,0X94,0XDA,0X9C,0XFA,0X9C,0XFA,0X9C,0XFA,0XA5,0X1C,
0XFF,0XDF,0XFF,0XFF,0XF7,0XBF,0XFF,0XDF,0XFF,0XFF,0XBD,0XBC,0XBD,0XDE,0XC5,0XFE,
0XC5,0XFE,0XC5,0XFE,0X94,0X94,0X8C,0X50,0X94,0X51,0XFF,0XFF,0XFF,0XFF,0XEF,0X3C,
0XF6,0XFC,0XFE,0XFC,0XFE,0XDC,0XF7,0X7D,0XFF,0XFF,0XFF,0XFF,0XFF,0XFF,0XFF,0XFF,
0XFF,0XFF,0XFF,0XDF,0XFE,0XFC,0XFF,0XBF,0XFF,0XFF,0XFF,0XFF,0XFF,0XFF,0XFF,0XFF,
0XFF,0XFF,0XFF,0XFF,0XFF,0XFF,0XFF,0XFF,0X8C,0X70,0X8C,0X30,0XE6,0X9D,0XCE,0X5D,
0XEF,0X7E,0XFF,0XFE,0XFF,0XFF,0XFF,0XDE,0XEF,0X3F,0XBD,0X7B,0XEF,0X5F,0XEF,0X5E,
0XE6,0XFD,0XCE,0X3B,0XFF,0XDF,0XCD,0XDD,0XE6,0X7D,0X9D,0X1E,0X95,0X1E,0X9D,0X1E,
0X9D,0X1E,0X94,0XFA,0X94,0XFA,0X9C,0XFA,0X9C,0XFA,0X9D,0X1A,0XB5,0XBE,0XFF,0XDF,
0XFF,0XFF,0XE7,0X3E,0XFF,0XDF,0XFF,0XFF,0XB5,0X9D,0XBD,0XFD,0XC5,0XFE,0XC5,0XFE,
0XC5,0XFE,0XC5,0XFD,0XB5,0X79,0X8C,0X51,0X8C,0X50,0XB5,0X96,0XFF,0XFF,0XFF,0XFF,
0XFF,0X7E,0XF7,0X3C,0XFF,0XFF,0XFF,0XFF,0XFF,0XFF,0XFF,0XFF,0XFF,0XFF,0XFF,0XFF,
0XFF,0XFF,0XEF,0X3D,0XFF,0XFF,0XFF,0XFF,0XFF,0XFF,0XFF,0XFF,0XFF,0XFF,0XFF,0XFF,
0XFF,0XFF,0XFF,0XFF,0XFF,0XFF,0X94,0X71,0X94,0X51,0XE6,0X9D,0XCD,0XFD,0XCE,0X5E,
0XC5,0XDD,0XC5,0XDD,0XEF,0X5F,0XD6,0X7F,0XBD,0X9C,0XE6,0XFE,0XD6,0X9B,0XDE,0XDC,
0XFF,0XDF,0XFF,0XDF,0XCE,0X1C,0XDE,0X7D,0X95,0X1E,0X95,0X1E,0X95,0X1E,0X94,0XDA,
0X94,0XFA,0X9C,0XFA,0X9C,0XFA,0X9C,0XFA,0XBE,0X1F,0XB5,0XBE,0XFF,0XDF,0XFF,0XDF,
0XF7,0XBF,0XFF,0XDF,0XF7,0XBF,0XBD,0XBC,0XC5,0XFD,0XC5,0XFE,0XC5,0XFE,0XC5,0XFE,
0XC5,0XFE,0XC6,0X3E,0XC6,0X3C,0X8C,0X31,0X8C,0X50,0X8C,0X50,0XEF,0X5C,0XFF,0XFF,
0XFF,0XFF,0XFF,0XFF,0XFF,0XFF,0XFF,0XFF,0XFF,0XFF,0XFF,0XFF,0XFF,0XFF,0XFF,0XFF,
0XFF,0XFF,0XFF,0XFF,0XFF,0XFF,0XFF,0XFF,0XFF,0XFF,0XFF,0XFF,0XFF,0XFF,0XFF,0XFF,
0XFF,0XFF,0XFF,0XFF,0X94,0X71,0X8C,0X51,0XE6,0X9D,0XC5,0XDC,0XFF,0XBF,0XFF,0XDF,
0XFF,0XFF,0XFF,0XFF,0XDE,0XBE,0XBD,0XBC,0XC5,0XDB,0XF7,0X7F,0XF7,0X9F,0XCE,0X1C,
0XD6,0X9E,0XDE,0X7D,0XE6,0X7C,0X95,0X1E,0X95,0X1E,0X95,0X1D,0X94,0XF9,0X94,0XFA,
0X94,0XFA,0X94,0XFA,0XBE,0X1E,0XBE,0X1F,0XB5,0XBE,0XFF,0XDF,0XFF,0XDF,0XEF,0X5F,
0XFF,0XBF,0XD6,0X9E,0XCE,0X5E,0XBD,0XDE,0XC5,0XFD,0XC5,0XFE,0XC5,0XFE,0XC5,0XFE,
0XCE,0X3F,0XCE,0X7F,0XD6,0X7F,0XAD,0X37,0X94,0X71,0X8C,0X70,0X94,0X91,0XEF,0X7D,
0XF7,0XFE,0XEF,0XDE,0XEF,0XDE,0XF7,0XFD,0XFF,0XFF,0XFF,0XFF,0XFF,0XFF,0XFF,0XFF,
0XFF,0XFF,0XFF,0XFF,0XFF,0XFF,0XFF,0XFF,0XFF,0XFF,0XFF,0XFF,0XFF,0XFF,0XFF,0XFF,
0XFF,0XFF,0X94,0X71,0X8C,0X51,0XDE,0X7E,0XEF,0X1F,0XFF,0XFF,0XD6,0X9D,0XF7,0XBF,
0XD6,0X9D,0XE6,0XFE,0XCD,0XDC,0XC5,0X99,0XBD,0X7B,0XFF,0XBF,0XC5,0XDD,0XCD,0XDD,
0XD6,0X3D,0XEE,0XBD,0X95,0X1E,0X95,0X1E,0X95,0X1C,0X94,0XFA,0X94,0XFA,0X94,0XFA,
0X9D,0X1A,0XBE,0X1F,0XBE,0X1E,0XB5,0XBE,0XB5,0X9C,0XE7,0X3F,0XE7,0X1F,0XE7,0X3E,
0XE7,0X3F,0XA5,0X3A,0XAD,0XB8,0XBE,0X5B,0XBE,0X1C,0XBE,0X3D,0XC6,0X1D,0XC6,0X5E,
0XCE,0X7F,0XCE,0X9E,0XCE,0X9F,0XCE,0X7D,0X94,0X93,0X8C,0X50,0X6C,0X6D,0X5C,0X8C,
0X54,0X8B,0X5C,0X8B,0X64,0XAB,0X64,0X8B,0X64,0X8C,0X64,0X4C,0X74,0XEF,0X7C,0XEF,
0XA6,0X14,0XDF,0X7B,0XEF,0XFD,0XF7,0XFE,0XFF,0XFE,0XFF,0XFF,0XFF,0XFF,0XFF,0XFF,
0X94,0X70,0X94,0X50,0XDE,0X9D,0XCE,0X1D,0XDE,0XDD,0XFF,0XFF,0XD6,0X9D,0XD6,0X9E,
0XCE,0X1E,0XCD,0XFB,0XC5,0XB9,0XBD,0X7A,0XFF,0XDF,0XCD,0XFD,0XE6,0X7D,0XE6,0X9D,
0XEE,0XBD,0X95,0X1E,0X95,0X1E,0X95,0X1D,0X94,0XDA,0X94,0XF9,0X94,0XFA,0X9D,0X1A,
0XA5,0X5B,0XBE,0X1E,0XB5,0XBD,0XFF,0XDF,0XE7,0X1E,0XFF,0XDF,0XDE,0XDC,0XFF,0XDF,
0X8C,0XF5,0X64,0X6D,0X5C,0X8C,0X64,0X6C,0X64,0X8D,0X64,0X4D,0X6C,0X4D,0X7C,0XF1,
0X95,0XB5,0XB6,0X59,0XBE,0X7C,0XC6,0X9D,0X7C,0XCF,0X5C,0X8C,0X5C,0X8C,0X64,0XCC,
0X5C,0X8B,0X5C,0X8B,0X5C,0X8B,0X5C,0X8B,0X5C,0X8B,0X5C,0X6B,0X54,0X8B,0X5C,0X8B,
0X5C,0X8B,0X5C,0X8B,0X5C,0X4B,0X5C,0X6C,0X64,0X6C,0X74,0XCE,0X9D,0XB3,0X7C,0X8E,
0X84,0X6F,0XD6,0X9C,0XEF,0X7F,0XFF,0XFF,0XEF,0X7F,0XFF,0XDF,0XC5,0XFD,0XE7,0X1F,
0XC5,0XDB,0XC5,0XB9,0XBD,0X7A,0XFF,0XDF,0XCD,0XFD,0XE6,0X9D,0XE6,0X9D,0XEE,0X9D,
0X95,0X1E,0X95,0X1E,0X9D,0X1E,0X9D,0X3B,0XB5,0XBB,0X94,0XFA,0X94,0XFA,0X9D,0X1A,
0X9D,0X1A,0XB5,0X9D,0XCE,0X3D,0XFF,0XFF,0XFF,0XFF,0XFF,0XFF,0XFF,0XDF,0X95,0X36,
0X6C,0XCE,0X5C,0XAC,0X5C,0XAB,0X64,0XAC,0X5C,0X8B,0X5C,0X8B,0X5C,0X8B,0X5C,0X6B,
0X5C,0X6C,0X5C,0X8B,0X5C,0X6B,0X5C,0X4B,0X64,0XAC,0X7D,0XAF,0X7D,0XAF,0X7D,0XAF,
0X7D,0XAF,0X7D,0XAF,0X7D,0XB0,0X7D,0XAF,0X7D,0X8F,0X75,0X8E,0X6D,0X2D,0X64,0XED,
0X5C,0X8B,0X5C,0X8B,0X5C,0X8B,0X5C,0X8B,0X5C,0X8B,0X5C,0X8B,0X5C,0X8B,0X5C,0X6B,
0X64,0X8D,0X7C,0X92,0XFF,0XFF,0XF7,0X7F,0XF7,0X9F,0XF7,0X7F,0XF7,0X7F,0XCD,0XDB,
0XC5,0XD9,0XBD,0X7A,0XFF,0XDF,0XCD,0XDD,0XEE,0X9D,0XEE,0X9D,0XEE,0XBD,0X95,0X1E,
0X95,0X1E,0X95,0X1F,0X95,0X3E,0X9D,0X1D,0X94,0XD9,0X9C,0XFA,0X9C,0XFA,0X9C,0XFA,
0XA5,0X3B,0XE7,0X3F,0XFF,0XFF,0XC6,0X7B,0X94,0XD6,0X9D,0X58,0X8D,0X56,0X7D,0X90,
0X7D,0XAF,0X7D,0XAF,0X7D,0XAF,0X7D,0X8F,0X7D,0XAF,0X7D,0XAF,0X75,0X6E,0X6D,0X0D,
0X5C,0XCC,0X5C,0XAB,0X6D,0X0D,0X7D,0XAF,0X7D,0XAF,0X7D,0XAF,0X7D,0XAF,0X7D,0XAF,
0X7D,0XAF,0X7D,0XAF,0X7D,0XAF,0X7D,0XAF,0X7D,0XAF,0X7D,0XAF,0X7D,0XAF,0X7D,0XAF,
0X7D,0XAF,0X7D,0XAF,0X7D,0XAF,0X7D,0X8F,0X7D,0XAF,0X75,0X2E,0X6C,0XED,0X5C,0XAC,
0X74,0X91,0X9D,0X56,0XBE,0X1B,0XCE,0X3D,0XCE,0X3C,0XCD,0XFD,0XCD,0XFB,0XC5,0X99,
0XBD,0X7B,0XFF,0XDF,0XCD,0XFE,0XEE,0X9E,0XEE,0X9D,0XEE,0XBD,0X95,0X1E,0X95,0X1E,
0X9D,0X3F,0X9D,0X3E,0X9D,0X1F,0X9D,0X1D,0X9C,0XFB,0X9C,0XFA,0X9D,0X1A,0X9D,0X1A,
0XDE,0XDE,0XB5,0X7B,0XC6,0X1A,0XEF,0X7F,0XE7,0X1D,0XAD,0XF8,0X85,0X91,0X7D,0XAF,
0X7D,0XAF,0X7D,0XAF,0X7D,0XAF,0X7D,0XAF,0X7D,0XAF,0X7D,0XAF,0X7D,0XAF,0X7D,0XAF,
0X7D,0XAF,0X7D,0XAF,0X7D,0XAF,0X7D,0XAF,0X7D,0XAF,0X7D,0XAF,0X7D,0XAF,0X7D,0XAF,
0X7D,0XAF,0X75,0X4E,0X64,0XCC,0X5C,0X8B,0X64,0XCC,0X7D,0XAF,0X7D,0XAF,0X7D,0XAF,
0X7D,0XAF,0X7D,0XAF,0X7D,0XAF,0X7D,0XAF,0X7D,0XAF,0X7D,0XAF,0X7D,0XAF,0X7D,0X8F,
0X5C,0X6C,0X6C,0X6E,0XE6,0X9D,0XDE,0X9D,0XE6,0XDE,0XCD,0XFA,0XC5,0XB9,0XBD,0X5C,
0XF7,0X7F,0XCD,0XDD,0XEE,0X9E,0XEE,0X9D,0XEE,0XBD,0X95,0X1E,0X95,0X1E,0X9D,0X3E,
0X95,0X1E,0X95,0X1E,0X9D,0X3E,0XA5,0X3E,0X9D,0X1C,0X9C,0XFA,0X9C,0XFB,0XCE,0X9E,
0XFF,0XFF,0XFF,0XDF,0XFF,0XFF,0XF7,0XDF,0X9D,0X77,0X7D,0X91,0X7D,0XAF,0X7D,0XAF,
0X7D,0XAF,0X7D,0XAF,0X7D,0XAF,0X7D,0XAF,0X7D,0XAF,0X7D,0XAF,0X7D,0XAF,0X7D,0XAF,
0X7D,0XAF,0X7D,0XAF,0X7D,0XAF,0X7D,0XAF,0X7D,0XAF,0X7D,0XAF,0X7D,0XAF,0X7D,0XAF,
0X5C,0X8B,0X5C,0X8B,0X5C,0X8B,0X5C,0X8B,0X5C,0X8B,0X7D,0XAF,0X7D,0XAF,0X7D,0XAF,
0X7D,0XAF,0X7D,0XAF,0X7D,0XAF,0X7D,0XAF,0X7D,0XAF,0X7D,0XAF,0X7D,0XAF,0X5C,0XAC,
0X5C,0X6B,0XE6,0XDC,0XE6,0XDE,0XE6,0XDE,0XCD,0XDA,0XC5,0X99,0XBD,0XBB,0XF7,0XBF,
0XD6,0X3D,0XE6,0X9D,0XEE,0X9D,0XEE,0XBC,0X9D,0X1E,0X9D,0X3F,0X9D,0X3F,0X9D,0X3E,
0X9D,0X3E,0X9D,0X5E,0X9D,0X3E,0XA5,0X3E,0XA5,0X5E,0X9D,0X1C,0XC6,0X1D,0XCE,0X3D,
0XCE,0X5D,0XC6,0X1C,0XC6,0X1C,0X84,0XD6,0X64,0X6D,0X5C,0X8B,0X5C,0X8B,0X5C,0XAC,
0X5C,0X8B,0X64,0XED,0X75,0X4E,0X75,0X8F,0X7D,0XAF,0X7D,0XAF,0X7D,0X8F,0X7D,0XAF,
0X7D,0XAF,0X7D,0XAF,0X7D,0XAF,0X7D,0XAF,0X7D,0XAF,0X7D,0XAF,0X7D,0XAF,0X75,0X4E,
0X5C,0X8B,0X5C,0X8B,0X5C,0X8B,0X5C,0X6B,0X7D,0XAF,0X7D,0XAF,0X7D,0XAF,0X7D,0XAF,
0X7D,0XAF,0X7D,0XAF,0X7D,0XAF,0X7D,0XAF,0X7D,0XAF,0X7D,0XB0,0X5C,0X8B,0X5C,0X8B,
0XE6,0XFD,0XEE,0XFE,0XE6,0XDE,0XC5,0XDB,0XBD,0X7A,0XFF,0XBF,0XBD,0X9A,0XD6,0X3D,
0XDE,0X3D,0XD6,0X3D,0XE6,0X9D,0X9D,0X3E,0X9D,0X3E,0X9D,0X3E,0X9D,0X5E,0XA5,0X5F,
0XA5,0X3E,0XA5,0X5E,0XA5,0X3E,0XA5,0X5F,0XA5,0X3E,0XFF,0XFF,0XE7,0X1D,0XD6,0X9C,
0XF7,0X9E,0XF7,0XBF,0XAD,0X78,0X6C,0X71,0X64,0X4D,0X64,0X4D,0X5C,0X4C,0X5C,0X6B,
0X5C,0X8B,0X5C,0X6B,0X5C,0X8B,0X5C,0X8B,0X5C,0X8B,0X5C,0X6B,0X75,0X6E,0X7D,0XAF,
0X7D,0XAF,0X7D,0XAF,0X7D,0XAF,0X7D,0XAF,0X7D,0XAF,0X7D,0XAF,0X7D,0XAF,0X5C,0X8B,
0X5C,0X8B,0X5C,0X8B,0X5C,0X8B,0X7D,0XAF,0X7D,0XAF,0X7D,0XAF,0X7D,0XAF,0X7D,0XAF,
0X7D,0XAF,0X7D,0XAF,0X7D,0XAF,0X7D,0XAF,0X7D,0XAF,0X64,0XCC,0X5C,0X8B,0XDE,0XBC,
0XEE,0XFE,0XE6,0XDE,0XC5,0X9B,0XFF,0XDF,0XC5,0XFB,0XFF,0XDF,0XFF,0XFF,0XFF,0XFF,
0XE6,0XFE,0XE6,0X7D,0X9D,0X3E,0X9D,0X3E,0X9D,0X3E,0X9D,0X5E,0X9D,0X5E,0XA5,0X3E,
0X9D,0X3E,0XA5,0X3E,0XA5,0X5E,0XA5,0X3E,0XFF,0XFF,0XEF,0X7F,0XDE,0XDD,0XF7,0X9E,
0XEF,0X7F,0XB5,0XBB,0XA5,0X3A,0XA5,0X3A,0XA5,0X59,0XA5,0X59,0XBE,0X7B,0X9D,0XD7,
0X7C,0XD2,0X74,0XB0,0X64,0X4D,0X5C,0X4C,0X5C,0X8C,0X5C,0X8B,0X7D,0XAF,0X7D,0XAF,
0X7D,0XAF,0X7D,0XAF,0X7D,0XAF,0X7D,0XAF,0X7D,0X8F,0X54,0X8B,0X5C,0X8B,0X5C,0X8B,
0X5C,0X8B,0X5C,0X8B,0X7D,0XAF,0X7D,0XAF,0X7D,0XAF,0X7D,0XAF,0X7D,0XAF,0X7D,0XAF,
0X7D,0XAF,0X7D,0XAF,0X7D,0XAF,0X7D,0XAF,0X64,0XAC,0X5C,0X8B,0XD6,0XDC,0XE6,0XDE,
0XEE,0XDE,0XC5,0XBA,0XCE,0X1B,0XFF,0XDF,0XBD,0X9B,0XC5,0XDC,0XC5,0XDB,0XCD,0XFD,
0XEE,0X9D,0X9D,0X5E,0X9D,0X5E,0X9D,0X5E,0X9D,0X3E,0X9D,0X3E,0X9D,0X3E,0X9D,0X3E,
0X9D,0X3E,0XA5,0X3E,0XA5,0X3E,0XFF,0XDF,0XF7,0XBF,0XFF,0XDE,0XE7,0X3D,0XF7,0XBF,
0XB5,0XBB,0XA5,0X5A,0XA5,0X3A,0XA5,0X39,0X9D,0X39,0X95,0X39,0X95,0X58,0X9D,0X58,
0X9D,0X58,0X9D,0X58,0X9D,0X77,0X85,0X31,0X54,0X8B,0X75,0X4E,0X7D,0XAF,0X7D,0XCF,
0X7D,0XAF,0X7D,0XAF,0X7D,0XAF,0X7D,0X8F,0X54,0X8B,0X5C,0X8B,0X5C,0X8B,0X5C,0X8B,
0X64,0XED,0X7D,0XAF,0X7D,0XAF,0X7D,0XAF,0X7D,0XAF,0X7D,0XAF,0X7D,0XAF,0X7D,0XAF,
0X7D,0XAF,0X7D,0XAF,0X7D,0XAF,0X5C,0XAB,0X5C,0X6B,0XDE,0XFD,0XE6,0XDE,0XE6,0XDE,
0XC5,0XD9,0XBD,0X7A,0XDE,0XBE,0XEF,0X3F,0XDE,0X3D,0XE6,0X9D,0XE6,0X9D,0XEE,0XDD,
0X95,0X1D,0X9D,0X3D,0X9D,0X3E,0X9D,0X3E,0X9D,0X3E,0XA5,0X3E,0X9D,0X3E,0X9D,0X3E,
0XA5,0X3E,0XA5,0X3E,0XFF,0XDF,0XEF,0X7F,0XBD,0XDB,0XBD,0XDC,0XEF,0X7F,0XB5,0XBC,
0XA5,0X3A,0XA5,0X3A,0X95,0X39,0X95,0X37,0X95,0X59,0X95,0X38,0X9D,0X58,0X9D,0X58,
0X9D,0X58,0X9D,0X78,0X9D,0X77,0X5C,0X6C,0X5C,0X8C,0X64,0XCC,0X75,0X6F,0X7D,0XAF,
0X7D,0XB0,0X7D,0XB0,0X7D,0XAF,0X7D,0XB0,0X75,0X6E,0X64,0XCC,0X64,0XED,0X7D,0XB0,
0X7D,0XAF,0X7D,0XAF,0X7D,0XAF,0X7D,0XAF,0X7D,0XAF,0X7D,0XAF,0X7D,0XAF,0X7D,0XAF,
0X7D,0XAF,0X7D,0XAF,0X5C,0X8B,0X5C,0X6B,0XE6,0XDE,0XEE,0XFE,0XE6,0XDE,0XC5,0XBA,
0XBD,0X5A,0XB5,0X7C,0XC5,0XFC,0XD5,0XFE,0XCD,0XFD,0XCD,0XFD,0XEE,0XBD,0X8D,0X18,
0X84,0XF8,0X84,0XF8,0X84,0XF9,0X8C,0XF9,0X8C,0XFA,0X8D,0X1A,0X95,0X3B,0X9D,0X5C,
0XA5,0X5C,0XFF,0XDF,0XFF,0XFF,0XFF,0XFF,0XFF,0XFF,0XFF,0XDF,0XB5,0XBC,0XAD,0X9D,
0X95,0X39,0X95,0X38,0X95,0X38,0X95,0X38,0X95,0X58,0X9D,0X58,0X9D,0X78,0X9D,0X78,
0X9D,0X78,0X9D,0X58,0X95,0X76,0X5C,0X6C,0X5C,0X8B,0X5C,0X8C,0X5C,0X6B,0X5C,0X8B,
0X5C,0XAB,0X5C,0X8B,0X64,0XCC,0X75,0X4E,0X7D,0X8F,0X7D,0X8F,0X7D,0XAF,0X7D,0XAF,
0X7D,0XAF,0X7D,0XAF,0X7D,0XAF,0X7D,0XAF,0X7D,0XAF,0X7D,0XAF,0X7D,0XAF,0X7D,0XAF,
0X7D,0X8F,0X54,0X8B,0X64,0X6C,0XC5,0XFA,0XCE,0X3B,0XD6,0X7C,0XBD,0XB9,0XBD,0X9B,
0XFF,0XDF,0XFF,0XDF,0XF7,0X9F,0XE7,0X1F,0XCE,0X3C,0XEE,0XDD,0X85,0X17,0X85,0X17,
0X85,0X18,0X85,0X18,0X85,0X18,0X8D,0X18,0X84,0XF8,0X84,0XF8,0X8C,0XF9,0X9D,0X1A,
0XC6,0X3D,0XCE,0X5D,0XCE,0X5D,0XCE,0X5D,0XCE,0X5E,0XA5,0X3B,0X95,0X3A,0X8D,0X38,
0X95,0X38,0X95,0X38,0X95,0X38,0X9D,0X58,0XAD,0XB9,0XA5,0XBA,0XA5,0XBA,0XA5,0XBA,
0XA5,0XB9,0XAD,0XB9,0XA5,0XB9,0X95,0X95,0X7D,0X12,0X6C,0X6F,0X64,0X4C,0X5C,0X4C,
0X5C,0X6C,0X5C,0X8C,0X5C,0X8B,0X5C,0X6B,0X5C,0X8B,0X5C,0X6B,0X5C,0X8B,0X64,0XCC,
0X6D,0X0D,0X75,0X8E,0X7D,0XAF,0X7D,0XAF,0X7D,0XAF,0X7D,0XAF,0X7D,0XAF,0X64,0XCC,
0X5C,0X8B,0X95,0X74,0XAD,0X97,0XAD,0XB7,0XAD,0XB8,0XAD,0X99,0XBD,0XBA,0XDE,0XDD,
0XFF,0XDF,0XFF,0XDF,0XDE,0XBD,0XC6,0X1C,0XD6,0X5B,0X85,0X17,0X85,0X17,0X84,0XF7,
0X85,0X17,0X85,0X18,0X8D,0X18,0X85,0X18,0X8D,0X18,0X8D,0X19,0X95,0X1A,0XFF,0XFF,
0XE7,0X3D,0XD6,0X7C,0XFF,0XDF,0XEF,0X7E,0XAD,0X9B,0X95,0X39,0X95,0X38,0X95,0X38,
0X95,0X38,0X9D,0X99,0XA5,0XBA,0XA5,0XBA,0XAD,0XDA,0XAD,0XDA,0XAD,0XD9,0XAD,0XDA,
0XAD,0XD9,0XAD,0XD9,0XAD,0XDA,0XAD,0XDA,0XAD,0XD9,0XAD,0XDA,0XAD,0XD9,0XAD,0XF9,
0XA5,0XD7,0X9D,0XB6,0X85,0X32,0X64,0X6E,0X64,0X4C,0X5C,0X6B,0X5C,0X4B,0X5C,0X8B,
0X5C,0X6B,0X5C,0X6B,0X5C,0X8B,0X5C,0X8B,0X5C,0X8B,0X5C,0XAC,0X5C,0X8B,0X64,0X4C,
0XAD,0X97,0XAD,0X97,0XAD,0XB8,0XAD,0X97,0XAD,0X99,0XFF,0XFF,0XDE,0XDD,0XFF,0XFF,
0XFF,0XFE,0XFF,0XDF,0XC5,0XDB,0XBD,0XD7,0X8D,0X38,0X85,0X18,0X84,0XF8,0X84,0XF8,
0X85,0X18,0X85,0X18,0X84,0XF8,0X84,0XF8,0X8C,0XF8,0X95,0X1A,0XFF,0XFF,0XEF,0X7F,
0XE7,0X3D,0XEF,0X9E,0XEF,0X5E,0XAD,0X9B,0X95,0X19,0X95,0X38,0X95,0X58,0X9D,0X79,
0X9D,0X99,0XA5,0XBA,0XA5,0XB8,0XAD,0XDA,0XA5,0XBA,0XA5,0XB9,0XAD,0XDA,0XAD,0XD9,
0XAD,0XD9,0XAD,0XD9,0XAD,0XD9,0XAD,0XD9,0XAD,0XD9,0XAD,0XD9,0XAD,0XD9,0XAD,0XD9,
0XAD,0XF9,0XAD,0XF9,0XB5,0XF9,0XAD,0XF9,0XB6,0X19,0XAD,0XF8,0XA5,0X96,0X85,0X11,
0X6C,0X8E,0X54,0X2B,0X54,0X4B,0X64,0XAC,0X5C,0X8B,0X5C,0X6C,0X9D,0X96,0XAD,0X97,
0XAD,0X97,0XB5,0XD7,0XB5,0XF7,0XAD,0XB8,0XBD,0XBB,0XD6,0XBC,0XFF,0XDF,0XFF,0XFF,
0XF7,0XBF,0XC6,0X1B,0XBD,0XF8,0X95,0X79,0X95,0X59,0X8D,0X59,0X95,0X59,0X95,0X7A,
0X95,0X79,0X95,0X59,0X8D,0X39,0X95,0X39,0X9D,0X1B,0XFF,0XFF,0XF7,0XBF,0XFF,0XFF,
0XEF,0X5E,0XF7,0XBF,0XAD,0X9B,0X95,0X39,0X95,0X58,0X9D,0X79,0X9D,0X79,0XA5,0XB9,
0XA5,0XBA,0XAD,0XFA,0XAD,0XDA,0XA5,0XBA,0XAD,0XD9,0XAD,0XD9,0XA5,0XD9,0XAD,0XD9,
0XAD,0XD9,0XAD,0XD9,0XAD,0XD9,0XAD,0XFA,0XAD,0XD9,0XAD,0XF9,0XAD,0XF9,0XB5,0XF9,
0XB5,0XF9,0XAD,0XF9,0XB5,0XF9,0XB6,0X19,0XB5,0XFA,0XB6,0X19,0XB5,0XF9,0XB5,0XF9,
0XB5,0XF9,0XAD,0XF8,0XAD,0XF8,0XA5,0XD6,0XAD,0XF9,0XB6,0X19,0XB5,0XF8,0XB5,0XD8,
0XB5,0XF8,0XC6,0X79,0XBE,0X19,0XBD,0XBA,0XFF,0XFF,0XFF,0XBF,0XF7,0X7F,0XE7,0X3E,
0XBD,0XFB,0XBD,0XD8,0X8D,0X59,0X8D,0X5A,0X95,0X79,0X95,0X9A,0X8D,0X79,0X95,0X7A,
0X95,0X7A,0X95,0X7A,0X95,0X7A,0XA5,0X3C,0XFF,0XFF,0XF7,0X9F,0XCE,0X5B,0XC6,0X3B,
0XEF,0X7F,0XB5,0XBB,0X9D,0X7B,0X9D,0X9A,0X9D,0X79,0X9D,0X79,0X9D,0XB9,0XA5,0XDA,
0XA5,0XBA,0XAD,0XDA,0XA5,0XB9,0XAD,0XD9,0XA5,0XD9,0XAD,0XD9,0XAD,0XD9,0XAD,0XD9,
0XAD,0XD9,0XAD,0XD9,0XAD,0XD9,0XAD,0XF9,0XAD,0XF9,0XAD,0XF9,0XAD,0XD9,0XAD,0XF9,
0XAD,0XF9,0XB6,0X19,0XB5,0XF9,0XB5,0XF9,0XB5,0XF9,0XB5,0XF9,0XB5,0XF9,0XB5,0XF9,
0XB5,0XF9,0XB6,0X19,0XB6,0X19,0XB6,0X19,0XB5,0XF9,0XB5,0XF9,0XB5,0XF9,0XB5,0XF9,
0XBE,0X18,0XC6,0X39,0XB5,0X9B,0XC5,0XFC,0XB5,0X7B,0XBD,0XBB,0XC5,0XFC,0XB5,0X9B,
0XBD,0XD8,0X8D,0X59,0X8D,0X5A,0X95,0X79,0X95,0X79,0X95,0X79,0X95,0X7A,0X95,0X7A,
0X95,0X7A,0X95,0X7A,0XA5,0X3C,0XFF,0XDF,0XFF,0XFF,0XFF,0XFF,0XFF,0XFF,0XFF,0XFF,
0XAD,0X9C,0X9D,0X9A,0X9D,0X99,0X9D,0X79,0X9D,0X79,0X9D,0X99,0XA5,0XB9,0XA5,0XBA,
0XAD,0XDA,0XA5,0XBA,0XA5,0XB9,0XA5,0XD9,0XAD,0XD9,0XAD,0XD9,0XAD,0XD9,0XAD,0XD9,
0XAD,0XD9,0XAD,0XD9,0XAD,0XF9,0XAD,0XF9,0XAD,0XD8,0XAD,0XD9,0XAD,0XB8,0XAD,0XD8,
0XAD,0XD9,0XB5,0XF9,0XB5,0XF9,0XB5,0XF9,0XB5,0XF9,0XB5,0XF9,0XB5,0XF9,0XB5,0XF9,
0XB5,0XF9,0XB5,0XF9,0XB6,0X19,0XB5,0XF9,0XBE,0X19,0XB5,0XD8,0XB6,0X18,0XBE,0X18,
0XBE,0X19,0XBD,0XDA,0XEF,0X5D,0XFF,0XDF,0XFF,0XFF,0XE6,0XFE,0XC6,0X1B,0XC6,0X18,
0X8D,0X59,0X95,0X7A,0X95,0X79,0X95,0X79,0X95,0X79,0X95,0X7A,0X95,0X7A,0X95,0X7A,
0X95,0X7A,0X9D,0X5C,0XDE,0XDF,0XB5,0X7B,0XE7,0X1E,0XB5,0XDC,0XCE,0X7D,0XA5,0X5B,
0X9D,0X9A,0XA5,0XBA,0XA5,0XBA,0X9D,0X79,0X9D,0X99,0XA5,0XB9,0XA5,0XBA,0XAD,0XDA,
0XAD,0XD9,0XA5,0XD9,0XAD,0XD9,0XAD,0XD9,0XAD,0XD9,0XAD,0XD9,0XAD,0XD9,0XAD,0XD9,
0XAD,0XD9,0XA5,0X78,0XA5,0X98,0XA5,0X97,0XAD,0X98,0XAD,0X98,0XAD,0X98,0XAD,0X98,
0XAD,0X98,0XAD,0XB8,0XB5,0XF9,0XB5,0XF9,0XB5,0XF9,0XB5,0XF9,0XB5,0XF9,0XB5,0XF9,
0XB5,0XF9,0XB6,0X19,0XB6,0X19,0XB6,0X19,0XB5,0XF9,0XBE,0X38,0XC6,0X39,0XBD,0XFA,
0XCE,0X5B,0XDE,0XDD,0XFF,0XFF,0XFF,0XFF,0XE7,0X1E,0XCE,0X3C,0XC6,0X59,0X8D,0X59,
0X8D,0X5A,0X95,0X79,0X95,0X79,0X95,0X79,0X95,0X7A,0X95,0X7A,0X95,0X7A,0X9D,0X7A,
0XA5,0X5B,0XFF,0XFF,0XFF,0XFF,0XFF,0XFF,0XD6,0XDC,0XCE,0X7C,0XAD,0X9C,0XA5,0X9A,
0X9D,0X79,0X9D,0XBA,0X9D,0XBA,0X9D,0X99,0XA5,0XB9,0XA5,0XBA,0XAD,0XDA,0XA5,0XB9,
0XAD,0XB9,0XA5,0XB9,0XAD,0XD9,0XAD,0XD9,0XAD,0XD9,0XAD,0XD9,0XAD,0XD9,0XAD,0XB9,
0XA5,0X98,0XA5,0X98,0XA5,0X97,0XAD,0X98,0XAD,0X98,0XAD,0X98,0XAD,0X98,0XAD,0X98,
0XAD,0X98,0XB5,0XF9,0XB5,0XF9,0XB5,0XF9,0XB5,0XF9,0XB5,0XF9,0XB5,0XF9,0XB6,0X19,
0XB6,0X19,0XB6,0X19,0XB6,0X19,0XBE,0X19,0XBE,0X38,0XC6,0X39,0XBD,0XFA,0XF7,0X9F,
0XDE,0XDE,0XFF,0XFF,0XFF,0XFF,0XF7,0XBF,0XC6,0X3B,0XC6,0X59,0X8D,0X59,0X8D,0X59,
0X8D,0X79,0X95,0X99,0X95,0X79,0X95,0X79,0X95,0X79,0X95,0X79,0X9D,0X7A,0XA5,0X5B,
0XE7,0X3F,0XDE,0XDD,0XFF,0XDF,0XF7,0X9E,0XDE,0XDD,0XB5,0XDD,0XA5,0X9A,0XA5,0X99,
0X9D,0XBA,0X9D,0X9A,0XA5,0XB9,0XA5,0XB9,0XA5,0XBA,0XA5,0XBA,0XAD,0XDA,0XA5,0XB9,
0XAD,0XF9,0XB6,0X19,0XAD,0XD9,0XAD,0XD9,0XAD,0XD9,0XAD,0XD9,0XA5,0X98,0XA5,0X78,
0XA5,0X98,0XA5,0X98,0XAD,0X98,0XAD,0X98,0XAD,0X98,0XAD,0X98,0XAD,0X98,0XAD,0X98,
0XAD,0XB8,0XB5,0XF9,0XB5,0XF9,0XB6,0X19,0XB5,0XF9,0XB6,0X19,0XB5,0XF9,0XB5,0XF9,
0XB5,0XF9,0XB5,0XF9,0XBE,0X19,0XBE,0X59,0XC6,0X59,0XC6,0X3A,0XBD,0XDB,0XDE,0XFD,
0XFF,0XFF,0XFF,0XFF,0XFF,0XFF,0XC6,0X1B,0XC6,0X59,0X84,0XF7,0X85,0X18,0X8D,0X59,
0X8D,0X58,0X8D,0X59,0X95,0X59,0X95,0X79,0X95,0X79,0X95,0X7A,0X9D,0X5B,0XE7,0X5F,
0XEF,0X7E,0XF7,0XDF,0XDE,0XFD,0XF7,0XBF,0XA5,0X7B,0X9D,0X9A,0X9D,0XB9,0X9D,0XBA,
0X9D,0X9A,0XA5,0XB9,0XA5,0XDA,0XA5,0XDA,0XA5,0XB9,0XA5,0XBA,0XAD,0XDA,0XA5,0XD9,
0XA5,0XD9,0XAD,0XD9,0XAD,0XD9,0XAD,0XB9,0XAD,0XD9,0XAD,0XD9,0XA5,0X98,0XA5,0X98,
0XA5,0X97,0XA5,0X78,0XAD,0X98,0XA5,0X78,0XAD,0X98,0XAD,0X98,0XA5,0X97,0XAD,0X98,
0XB5,0XF9,0XB5,0XF9,0XB5,0XF9,0XB6,0X19,0XB6,0X19,0XB5,0XF9,0XB5,0XF9,0XB5,0XF9,
0XB6,0X19,0XBE,0X39,0XBE,0X59,0XC6,0X59,0XC6,0X59,0XBD,0XDB,0XF7,0X9F,0XD6,0X7C,
0XC6,0X1B,0XDE,0XBD,0XC6,0X3C,0XC6,0X59,0X85,0X17,0X85,0X17,0X85,0X18,0X85,0X18,
0X8D,0X18,0X85,0X18,0X85,0X18,0X8D,0X38,0X8D,0X19,0XA5,0X7A,0XFF,0XFF,0XE7,0X3D,
0XCE,0X5B,0XDE,0XFD,0XFF,0XFF,0XA5,0X5B,0X9D,0X9A,0X9D,0XB9,0XA5,0X9A,0X9D,0X79,
0X9D,0X9A,0XA5,0XDA,0XA5,0XDA,0XA5,0XDA,0XAD,0XBA,0XAD,0XDA,0XAD,0XDA,0XAD,0XD9,
0XAD,0XD9,0XAD,0XD9,0XAD,0XD9,0XAD,0XD9,0XAD,0XDA,0XAD,0XD9,0XA5,0X97,0XA5,0X77,
0XA5,0X77,0XAD,0X78,0XAD,0X98,0XA5,0X97,0XAD,0X98,0XAD,0X98,0XA5,0X97,0XB5,0XF9,
0XB5,0XF9,0XBE,0X19,0XB6,0X19,0XBE,0X19,0XBE,0X19,0XBE,0X19,0XBE,0X38,0XBE,0X38,
0XBE,0X39,0XC6,0X59,0XC6,0X59,0XC6,0X59,0XBE,0X1A,0XBD,0XFA,0XC6,0X3A,0XC6,0X19,
0XBD,0XFA,0XC6,0X1A,0XCE,0X79,0X85,0X18,0X85,0X18,0X84,0XF8,0X85,0X18,0X8C,0XF8,
0X8C,0XF8,0X8C,0XF8,0X8D,0X39,0X8D,0X18,0X95,0X1A,0XE7,0X3F,0XD6,0XBC,0XC6,0X3B,
0XF7,0XDF,0XE7,0X1E,0XBE,0X3D,0X9D,0X5A,0X9D,0X99,0X9D,0XB9,0X9D,0X99,0XA5,0XBA,
0XA5,0X99,0XA5,0XB9,0XA5,0XB9,0XAD,0XB9,0XAD,0XDA,0XAD,0XDA,0XAD,0XB9,0XAD,0XB9,
0XAD,0XB9,0XAD,0XB9,0XAD,0XD9,0XAD,0XF9,0XAD,0XD9,0XAD,0XB8,0XA5,0X98,0XAD,0X98,
0XAD,0X78,0XA5,0X78,0XAD,0XB8,0XAD,0X98,0XAD,0X98,0XAD,0X98,0XBD,0XF9,0XB5,0XF9,
0XBE,0X19,0XBE,0X18,0XBE,0X18,0XBE,0X18,0XBE,0X18,0XBE,0X19,0XBE,0X19,0XBE,0X38,
0XC6,0X39,0XC6,0X59,0XC6,0X58,0XC6,0X59,0XC6,0X59,0XC6,0X58,0XC6,0X79,0XC6,0X78,
0XCE,0X79,0XCE,0X79,0X84,0XF8,0X85,0X18,0X85,0X18,0X84,0XF8,0X84,0XF8,0X8C,0XF8,
0X8C,0XF8,0X8D,0X19,0X8D,0X18,0X95,0X19,0X95,0X1A,0X9D,0X1B,0X9D,0X1A,0X9D,0X39,
0X95,0X1A,0X9D,0X3A,0X95,0X19,0XA5,0XD9,0X9D,0XB9,0XA5,0XBA,0XA5,0XB9,0XA5,0XB9,
0XA5,0X99,0XA5,0XB9,0XAD,0XBA,0XA5,0XB9,0XA5,0XB9,0XAD,0XD9,0XAD,0XD9,0XAD,0XD9,
0XAD,0XD9,0XAD,0XD9,0XAD,0XD9,0XAD,0XD9,0XA5,0X98,0XA5,0X98,0XAD,0X78,0XAD,0X98,
0XAD,0X98,0XAD,0X98,0XAD,0X98,0XAD,0X98,0XAD,0X98,0XBD,0XF9,0XBE,0X19,0XBE,0X19,
0XBE,0X19,0XBE,0X39,0XBE,0X18,0XBE,0X18,0XBE,0X39,0XBE,0X39,0XBE,0X39,0XBE,0X59,
0XC6,0X59,0XC6,0X59,0XC6,0X59,0XC6,0X58,0XC6,0X58,0XC6,0X79,0XC6,0X78,0XCE,0X79,
0XCE,0X79,0X9D,0X5E,0X9D,0X3D,0X95,0X3C,0X9D,0X3B,0X94,0XFA,0X8C,0XF9,0X8D,0X19,
0X8D,0X39,0X95,0X38,0X95,0X38,0X95,0X38,0X95,0X58,0X95,0X58,0X95,0X38,0X95,0X58,
0X95,0X58,0X95,0X58,0X95,0X78,0X9D,0X99,0XA5,0XB9,0XA5,0XD9,0XA5,0X98,0XA5,0XB9,
0XAD,0XDA,0XA5,0XB9,0XAD,0XDA,0XAD,0XF9,0XAD,0XD9,0XAD,0XD9,0XAD,0XD9,0XAD,0XD9,
0XAD,0XF9,0XA5,0XB9,0XA5,0X97,0XA5,0X97,0XA5,0X98,0XA5,0X77,0XAD,0XB8,0XAD,0X98,
0XAD,0XB8,0XAD,0XB8,0XAD,0X97,0XAD,0XB8,0XB5,0XF8,0XB6,0X18,0XB6,0X18,0XB6,0X18,
0XBE,0X18,0XBE,0X18,0XBE,0X18,0XBE,0X39,0XBE,0X38,0XBE,0X39,0XBE,0X39,0XBE,0X39,
0XC6,0X38,0XC6,0X58,0XC6,0X79,0XC6,0X58,0XC6,0X78,0XC6,0X58,0XC6,0X78,0XCE,0X78,
};
/**/
const char font_piexl_1608[95][16] = {
{0x00,0x00,0x00,0x00,0x00,0x00,0x00,0x00,0x00,0x00,0x00,0x00,0x00,0x00,0x00,0x00},/*" ",0*/
{0x00,0x00,0x00,0x00,0x00,0x00,0xFE,0x67,0x00,0x00,0x00,0x00,0x00,0x00,0x00,0x00},/*"!",1*/
{0x00,0x00,0x1E,0x00,0x1C,0x00,0x00,0x00,0x1C,0x00,0x1E,0x00,0x00,0x00,0x00,0x00},/*""",2*/
{0x00,0x00,0x30,0x1C,0xFC,0x3F,0x30,0x1C,0x30,0x1C,0xFC,0x3F,0xEC,0x2B,0x30,0x1C},/*"#",3*/
{0x00,0x00,0xF8,0x60,0x8E,0x61,0xAE,0x6D,0x8E,0x61,0x8E,0x7F,0x0E,0x1E,0x00,0x00},/*"$",4*/
{0x00,0x00,0xF8,0x38,0xF8,0x1E,0x00,0x07,0xC0,0x39,0xE0,0x7D,0x70,0x7C,0x00,0x00},/*"%",5*/
{0x00,0x00,0xFE,0x7E,0x8E,0x61,0x8E,0x61,0x76,0x7F,0xFE,0x7F,0x80,0x61,0x80,0x61},/*"&",6*/
{0x00,0x00,0x00,0x00,0x00,0x00,0x1E,0x00,0x00,0x00,0x00,0x00,0x00,0x00,0x00,0x00},/*"'",7*/
{0xE4,0x27,0xFA,0x5F,0x0E,0x60,0x02,0x40,0x00,0x00,0x00,0x00,0x00,0x00,0x00,0x00},/*"(",8*/
{0x00,0x00,0x00,0x00,0x00,0x00,0x00,0x00,0x06,0x60,0x7E,0x7E,0xBE,0x7D,0xE0,0x07},/*")",9*/
{0x00,0x00,0x10,0x19,0xA0,0x0D,0xF0,0x1F,0x60,0x0F,0xA0,0x0D,0xB0,0x1D,0x00,0x00},/*"*",10*/
{0x00,0x00,0x00,0x01,0x80,0x01,0xF0,0x1F,0x60,0x0F,0x80,0x01,0x80,0x01,0x00,0x00},/*"+",11*/
{0x00,0x00,0x00,0x00,0x00,0x00,0x00,0x20,0x00,0xC0,0x00,0x00,0x00,0x00,0x00,0x00},/*",",12*/
{0x00,0x00,0x00,0x00,0x80,0x01,0x80,0x01,0x80,0x01,0x80,0x01,0x00,0x00,0x00,0x00},/*"-",13*/
{0x00,0x00,0x00,0x00,0x00,0x00,0x00,0x20,0x00,0x00,0x00,0x00,0x00,0x00,0x00,0x00},/*".",14*/
{0x00,0x00,0x00,0x1C,0x00,0x0F,0x80,0x02,0xE0,0x01,0xF0,0x00,0x38,0x00,0x00,0x00},/*"/",15*/
{0x00,0x00,0xFE,0x7E,0x0E,0x60,0x0E,0x60,0x0E,0x60,0x7E,0x7E,0xFE,0x7E,0x00,0x00},/*"0",16*/
{0x00,0x00,0x00,0x00,0x00,0x00,0x00,0x00,0x00,0x00,0x78,0x1E,0xFE,0x7E,0x00,0x00},/*"1",17*/
{0x00,0x00,0x06,0x7E,0x8E,0x61,0x8E,0x61,0x8E,0x61,0xFE,0x61,0xFE,0x60,0x00,0x00},/*"2",18*/
{0x00,0x00,0x06,0x60,0x8E,0x61,0x8E,0x61,0x8E,0x61,0xFE,0x7F,0xFE,0x7E,0x00,0x00},/*"3",19*/
{0x00,0x00,0xFE,0x00,0x80,0x01,0x80,0x01,0x80,0x01,0xF8,0x1F,0xFE,0x7E,0x00,0x00},/*"4",20*/
{0x00,0x00,0xFE,0x60,0x8E,0x61,0x8E,0x61,0x8E,0x61,0x8E,0x7F,0x06,0x7E,0x00,0x00},/*"5",21*/
{0x00,0x00,0xFE,0x7E,0x8E,0x61,0x8E,0x61,0x8E,0x61,0x8E,0x7F,0x02,0x7E,0x00,0x00},/*"6",22*/
{0x00,0x00,0xFE,0x00,0x0E,0x00,0x0E,0x00,0x0E,0x00,0x7E,0x1E,0xFE,0x7E,0x00,0x00},/*"7",23*/
{0x00,0x00,0xFE,0x7E,0x8E,0x61,0x8E,0x61,0x8E,0x61,0xFE,0x7F,0xFE,0x7E,0x00,0x00},/*"8",24*/
{0x00,0x00,0xFE,0x40,0x8E,0x61,0x8E,0x61,0x8E,0x61,0xFE,0x7F,0xFE,0x7E,0x00,0x00},/*"9",25*/
{0x00,0x00,0x00,0x00,0x00,0x00,0x60,0x06,0x00,0x00,0x00,0x00,0x00,0x00,0x00,0x00},/*":",26*/
{0x00,0x00,0x00,0x00,0x00,0x00,0x60,0x20,0x00,0xC0,0x00,0x00,0x00,0x00,0x00,0x00},/*";",27*/
{0x00,0x00,0x00,0x00,0x00,0x01,0xC0,0x03,0x60,0x0E,0x30,0x1C,0x00,0x00,0x00,0x00},/*"<",28*/
{0x00,0x00,0x00,0x00,0x60,0x0E,0x60,0x0E,0x60,0x0E,0x60,0x0E,0x00,0x00,0x00,0x00},/*"=",29*/
{0x00,0x00,0x00,0x00,0x00,0x00,0x70,0x1E,0xC0,0x03,0x80,0x01,0x00,0x00,0x00,0x00},/*">",30*/
{0x00,0x00,0x06,0x00,0x8E,0x01,0x8E,0x61,0x8E,0x61,0xFE,0x01,0xFE,0x00,0x00,0x00},/*"?",31*/
{0x00,0x00,0xFE,0x7E,0x0E,0x60,0xEE,0x6E,0x6E,0x6E,0xFE,0x6E,0xFE,0x6E,0x00,0x00},/*"@",32*/
{0x00,0x00,0xFE,0x7E,0x8E,0x01,0x8E,0x01,0x8E,0x01,0xFE,0x3F,0xFE,0x7E,0x00,0x00},/*"A",33*/
{0x00,0x00,0xFE,0x7E,0x8E,0x61,0x8E,0x61,0x8E,0x61,0xFE,0x7F,0xF8,0x1E,0x00,0x00},/*"B",34*/
{0x00,0x00,0xFE,0x7E,0x0E,0x60,0x0E,0x60,0x0E,0x60,0x0E,0x60,0x06,0x60,0x00,0x00},/*"C",35*/
{0x00,0x00,0xFE,0x7E,0x0E,0x60,0x0E,0x60,0x0E,0x60,0x7E,0x7E,0xF8,0x1E,0x00,0x00},/*"D",36*/
{0x00,0x00,0xFE,0x7E,0x8E,0x61,0x8E,0x61,0x8E,0x61,0x8E,0x61,0x06,0x60,0x00,0x00},/*"E",37*/
{0x00,0x00,0xFE,0x7E,0x8E,0x01,0x8E,0x01,0x8E,0x01,0x8E,0x01,0x06,0x00,0x00,0x00},/*"F",38*/
{0x00,0x00,0xFE,0x7E,0x0E,0x60,0x0E,0x61,0x8E,0x61,0x8E,0x7F,0x02,0x7E,0x00,0x00},/*"G",39*/
{0x00,0x00,0xFE,0x7E,0x80,0x01,0x80,0x01,0x80,0x01,0xFC,0x3F,0xFE,0x7E,0x00,0x00},/*"H",40*/
{0x00,0x00,0x00,0x00,0x0E,0x60,0xFA,0x5F,0x0E,0x60,0x0E,0x60,0x00,0x00,0x00,0x00},/*"I",41*/
{0x00,0x00,0x02,0x7E,0x0E,0x60,0x0E,0x60,0x0E,0x60,0x7E,0x7E,0xFE,0x7E,0x00,0x00},/*"J",42*/
{0x00,0x00,0xFE,0x7E,0x80,0x01,0x60,0x07,0x70,0x1E,0x3C,0x3C,0x1E,0x70,0x00,0x00},/*"K",43*/
{0x00,0x00,0xFE,0x7E,0x00,0x60,0x00,0x60,0x00,0x60,0x00,0x60,0x00,0x40,0x00,0x00},/*"L",44*/
{0x00,0x00,0xFE,0x7E,0x00,0x00,0xE0,0x01,0xE0,0x01,0xE0,0x00,0x78,0x3E,0xFE,0x7E},/*"M",45*/
{0x00,0x00,0xFE,0x7E,0x20,0x00,0xC0,0x01,0x00,0x07,0x7C,0x3E,0xFE,0x7E,0x00,0x00},/*"N",46*/
{0x00,0x00,0xFE,0x7E,0x0E,0x60,0x0E,0x60,0x0E,0x60,0x7E,0x7E,0xFE,0x7E,0x00,0x00},/*"O",47*/
{0x00,0x00,0xFE,0x7E,0x8E,0x01,0x8E,0x01,0x8E,0x01,0xFE,0x01,0xFE,0x00,0x00,0x00},/*"P",48*/
{0x00,0x00,0xFE,0x7E,0x0E,0x60,0x0E,0x60,0x0E,0x60,0x7E,0x7E,0xFE,0xFE,0x00,0xC0},/*"Q",49*/
{0x00,0x00,0xFE,0x7E,0x8E,0x01,0x8E,0x01,0x8E,0x1D,0xFE,0x3D,0xFE,0x70,0x00,0x00},/*"R",50*/
{0x00,0x00,0xF8,0x60,0x8E,0x61,0x8E,0x61,0x8E,0x61,0x8E,0x7F,0x0E,0x1E,0x00,0x00},/*"S",51*/
{0x00,0x00,0x0E,0x00,0x0E,0x00,0xF6,0x7F,0x0E,0x00,0x0E,0x00,0x06,0x00,0x00,0x00},/*"T",52*/
{0x00,0x00,0xFE,0x7E,0x00,0x60,0x00,0x60,0x00,0x60,0x7C,0x7E,0xFE,0x7E,0x00,0x00},/*"U",53*/
{0x00,0x00,0xFE,0x0E,0x00,0x1C,0x00,0x60,0x00,0x38,0x7C,0x1E,0xFE,0x0E,0x00,0x00},/*"V",54*/
{0x00,0x00,0xFE,0x7E,0x00,0x60,0xF0,0x7F,0xE0,0x6E,0x00,0x60,0x7C,0x7E,0xFE,0x3E},/*"W",55*/
{0x00,0x00,0x1E,0x70,0x78,0x1E,0xE0,0x0F,0xA0,0x0D,0x78,0x1E,0x1C,0x38,0x0E,0x60},/*"X",56*/
{0x00,0x00,0xFE,0x60,0x80,0x61,0x80,0x61,0x80,0x61,0xFC,0x7F,0xFE,0x7E,0x00,0x00},/*"Y",57*/
{0x00,0x00,0x0E,0x7C,0x0E,0x6F,0x8E,0x62,0xEE,0x61,0xFE,0x60,0x3E,0x60,0x00,0x00},/*"Z",58*/
{0x00,0x00,0xFE,0xFE,0x0E,0xE0,0x02,0x80,0x00,0x00,0x00,0x00,0x00,0x00,0x00,0x00},/*"[",59*/
{0x00,0x00,0x38,0x00,0xE0,0x00,0xC0,0x01,0x00,0x07,0x00,0x1E,0x00,0x1C,0x00,0x00},/*"\",60*/
{0x00,0x00,0x00,0x00,0x00,0x00,0x00,0x00,0x06,0xC0,0x7E,0xFE,0xFE,0xFE,0x00,0x00},/*"]",61*/
{0x00,0x00,0x20,0x00,0x18,0x00,0x0E,0x00,0x18,0x00,0x30,0x00,0x20,0x00,0x00,0x00},/*"^",62*/
{0x00,0x00,0x00,0x60,0x00,0x60,0x00,0x60,0x00,0x60,0x00,0x60,0x00,0x60,0x00,0x00},/*"_",63*/
{0x00,0x00,0x00,0x00,0x00,0x00,0x0E,0x00,0x18,0x00,0x00,0x00,0x00,0x00,0x00,0x00},/*"`",64*/
{0x00,0x00,0xFE,0x7E,0x8E,0x01,0x8E,0x01,0x8E,0x01,0xFE,0x3F,0xFE,0x7E,0x00,0x00},/*"a",65*/
{0x00,0x00,0xFE,0x7E,0x8E,0x61,0x8E,0x61,0x8E,0x61,0xFE,0x7F,0xF8,0x1E,0x00,0x00},/*"b",66*/
{0x00,0x00,0xFE,0x7E,0x0E,0x60,0x0E,0x60,0x0E,0x60,0x0E,0x60,0x06,0x60,0x00,0x00},/*"c",67*/
{0x00,0x00,0xFE,0x7E,0x0E,0x60,0x0E,0x60,0x0E,0x60,0x7E,0x7E,0xF8,0x1E,0x00,0x00},/*"d",68*/
{0x00,0x00,0xFE,0x7E,0x8E,0x61,0x8E,0x61,0x8E,0x61,0x8E,0x61,0x06,0x60,0x00,0x00},/*"e",69*/
{0x00,0x00,0xFE,0x7E,0x8E,0x01,0x8E,0x01,0x8E,0x01,0x8E,0x01,0x06,0x00,0x00,0x00},/*"f",70*/
{0x00,0x00,0xFE,0x7E,0x0E,0x60,0x0E,0x61,0x8E,0x61,0x8E,0x7F,0x02,0x7E,0x00,0x00},/*"g",71*/
{0x00,0x00,0xFE,0x7E,0x80,0x01,0x80,0x01,0x80,0x01,0xFC,0x3F,0xFE,0x7E,0x00,0x00},/*"h",72*/
{0x00,0x00,0x00,0x00,0x0E,0x60,0xFA,0x5F,0x0E,0x60,0x0E,0x60,0x00,0x00,0x00,0x00},/*"i",73*/
{0x00,0x00,0x02,0x7E,0x0E,0x60,0x0E,0x60,0x0E,0x60,0x7E,0x7E,0xFE,0x7E,0x00,0x00},/*"j",74*/
{0x00,0x00,0xFE,0x7E,0x80,0x01,0x60,0x07,0x70,0x1E,0x3C,0x3C,0x1E,0x70,0x00,0x00},/*"k",75*/
{0x00,0x00,0xFE,0x7E,0x00,0x60,0x00,0x60,0x00,0x60,0x00,0x60,0x00,0x40,0x00,0x00},/*"l",76*/
{0x00,0x00,0xFE,0x7E,0x00,0x00,0xE0,0x01,0xE0,0x01,0xE0,0x00,0x78,0x3E,0xFE,0x7E},/*"m",77*/
{0x00,0x00,0xFE,0x7E,0x20,0x00,0xC0,0x01,0x00,0x07,0x7C,0x3E,0xFE,0x7E,0x00,0x00},/*"n",78*/
{0x00,0x00,0xFE,0x7E,0x0E,0x60,0x0E,0x60,0x0E,0x60,0x7E,0x7E,0xFE,0x7E,0x00,0x00},/*"o",79*/
{0x00,0x00,0xFE,0x7E,0x8E,0x01,0x8E,0x01,0x8E,0x01,0xFE,0x01,0xFE,0x00,0x00,0x00},/*"p",80*/
{0x00,0x00,0xFE,0x7E,0x0E,0x60,0x0E,0x60,0x0E,0x60,0x7E,0x7E,0xFE,0xFE,0x00,0xC0},/*"q",81*/
{0x00,0x00,0xFE,0x7E,0x8E,0x01,0x8E,0x01,0x8E,0x1D,0xFE,0x3D,0xFE,0x70,0x00,0x00},/*"r",82*/
{0x00,0x00,0xF8,0x60,0x8E,0x61,0x8E,0x61,0x8E,0x61,0x8E,0x7F,0x0E,0x1E,0x00,0x00},/*"s",83*/
{0x00,0x00,0x0E,0x00,0x0E,0x00,0xF6,0x7F,0x0E,0x00,0x0E,0x00,0x06,0x00,0x00,0x00},/*"t",84*/
{0x00,0x00,0xFE,0x7E,0x00,0x60,0x00,0x60,0x00,0x60,0x7C,0x7E,0xFE,0x7E,0x00,0x00},/*"u",85*/
{0x00,0x00,0xFE,0x0E,0x00,0x1C,0x00,0x60,0x00,0x38,0x7C,0x1E,0xFE,0x0E,0x00,0x00},/*"v",86*/
{0x00,0x00,0xFE,0x7E,0x00,0x60,0xF0,0x7F,0xE0,0x6E,0x00,0x60,0x7C,0x7E,0xFE,0x3E},/*"w",87*/
{0x00,0x00,0x1E,0x70,0x78,0x1E,0xE0,0x0F,0xA0,0x0D,0x78,0x1E,0x1C,0x38,0x0E,0x60},/*"x",88*/
{0x00,0x00,0xFE,0x60,0x80,0x61,0x80,0x61,0x80,0x61,0xFC,0x7F,0xFE,0x7E,0x00,0x00},/*"y",89*/
{0x00,0x00,0x0E,0x7C,0x0E,0x6F,0x8E,0x62,0xEE,0x61,0xFE,0x60,0x3E,0x60,0x00,0x00},/*"z",90*/
{0xC4,0x23,0xFA,0x5F,0x0E,0x60,0x02,0x40,0x00,0x00,0x00,0x00,0x00,0x00,0x00,0x00},/*"{",91*/
{0x00,0x00,0x00,0x00,0x00,0x00,0xFE,0x7F,0x00,0x00,0x00,0x00,0x00,0x00,0x00,0x00},/*"|",92*/
{0x00,0x00,0x00,0x00,0x00,0x00,0x00,0x00,0x06,0x60,0x7E,0x7F,0xFE,0x7F,0x80,0x01},/*"}",93*/
{0x00,0x00,0xFC,0x00,0x1C,0x00,0x6C,0x00,0xD8,0x00,0xE0,0x00,0xD0,0x00,0x7C,0x00},/*"~",94*/
};
/**/
const char font_piexl_2412[95][36] = {
{0x00,0x00,0x00,0x00,0x00,0x00,0x00,0x00,0x00,0x00,0x00,0x00,0x00,0x00,0x00,0x00,0x00,0x00,0x00,0x00,0x00,0x00,0x00,0x00,0x00,0x00,0x00,0x00,0x00,0x00,0x00,0x00,0x00,0x00,0x00,0x00},/*" ",0*/
{0x00,0x00,0x00,0x00,0x00,0x00,0x00,0x00,0x00,0x00,0x00,0x00,0xF8,0xFF,0x3C,0xFC,0xFF,0x3C,0x00,0x00,0x00,0x00,0x00,0x00,0x00,0x00,0x00,0x00,0x00,0x00,0x00,0x00,0x00,0x00,0x00,0x00},/*"!",1*/
{0x00,0x00,0x00,0x00,0x00,0x00,0xFC,0x00,0x00,0x38,0x00,0x00,0x00,0x00,0x00,0x00,0x00,0x00,0x38,0x00,0x00,0xFC,0x00,0x00,0x38,0x00,0x00,0x00,0x00,0x00,0x00,0x00,0x00,0x00,0x00,0x00},/*""",2*/
{0x00,0x00,0x00,0xE0,0x81,0x03,0xD8,0x7E,0x1D,0xF8,0xFF,0x1F,0xD8,0x7E,0x1D,0xE0,0x81,0x03,0xE0,0x81,0x03,0xD8,0x7E,0x1D,0xF8,0xFF,0x1F,0xD8,0x7E,0x1D,0xE0,0x81,0x03,0x00,0x00,0x00},/*"#",3*/
{0x00,0x00,0x00,0xF0,0x07,0x30,0xE8,0x0B,0x3C,0x1C,0x3C,0x3C,0x1C,0x3C,0x3C,0xDC,0xBD,0x3D,0x1C,0x3C,0x3C,0x1C,0x3C,0x3C,0x1C,0xC8,0x13,0x1C,0xF0,0x0F,0x00,0x00,0x00,0x00,0x00,0x00},/*"$",4*/
{0x00,0x00,0x00,0xE0,0x03,0x1E,0x10,0x84,0x0F,0xF0,0xC7,0x03,0xE0,0xF3,0x01,0x00,0xC8,0x00,0x00,0x3E,0x1F,0x00,0x8F,0x3F,0xC0,0x87,0x20,0xE0,0x83,0x3F,0x00,0x00,0x00,0x00,0x00,0x00},/*"%",5*/
{0x00,0x00,0x00,0xF8,0xF7,0x1F,0xEC,0xCB,0x33,0x1C,0x3C,0x3C,0x1C,0x3C,0x3C,0x1C,0x3C,0x3C,0xEC,0xCB,0x33,0xF4,0xF7,0x2F,0xF8,0xCB,0x13,0x00,0x3C,0x3C,0x00,0x3C,0x3C,0x00,0x00,0x00},/*"&",6*/
{0x00,0x00,0x00,0x00,0x00,0x00,0x00,0x00,0x00,0x00,0x00,0x00,0x38,0x00,0x00,0xFC,0x00,0x00,0x00,0x00,0x00,0x00,0x00,0x00,0x00,0x00,0x00,0x00,0x00,0x00,0x00,0x00,0x00,0x00,0x00,0x00},/*"'",7*/
{0x00,0xFF,0x00,0xF8,0x7E,0x1F,0xEC,0xC3,0x33,0x1C,0x00,0x3C,0x0C,0x00,0x30,0x04,0x00,0x20,0x00,0x00,0x00,0x00,0x00,0x00,0x00,0x00,0x00,0x00,0x00,0x00,0x00,0x00,0x00,0x00,0x00,0x00},/*"(",8*/
{0x00,0x00,0x00,0x00,0x00,0x00,0x00,0x00,0x00,0x00,0x00,0x00,0x00,0x00,0x00,0x00,0x00,0x00,0x0C,0x00,0x30,0x1C,0x00,0x3C,0xEC,0xC3,0x33,0xFC,0xBD,0x3F,0x00,0xFF,0x00,0x00,0x00,0x00},/*")",9*/
{0x00,0x00,0x00,0x00,0x00,0x00,0xE0,0xBD,0x03,0xC0,0xBD,0x01,0x00,0x3C,0x00,0xE0,0xFF,0x03,0xC0,0xCB,0x01,0x00,0x3C,0x00,0xC0,0xBD,0x01,0xE0,0xBD,0x03,0x00,0x00,0x00,0x00,0x00,0x00},/*"*",10*/
{0x00,0x00,0x00,0x00,0x00,0x00,0x00,0x3C,0x00,0x00,0x3C,0x00,0x00,0x3C,0x00,0xE0,0xFF,0x03,0xC0,0xCB,0x01,0x00,0x3C,0x00,0x00,0x3C,0x00,0x00,0x3C,0x00,0x00,0x00,0x00,0x00,0x00,0x00},/*"+",11*/
{0x00,0x00,0x00,0x00,0x00,0x00,0x00,0x00,0x00,0x00,0x00,0x00,0x00,0x00,0x00,0x00,0x00,0x1C,0x00,0x00,0x60,0x00,0x00,0x00,0x00,0x00,0x00,0x00,0x00,0x00,0x00,0x00,0x00,0x00,0x00,0x00},/*",",12*/
{0x00,0x00,0x00,0x00,0x00,0x00,0x00,0x08,0x00,0x00,0x3C,0x00,0x00,0x3C,0x00,0x00,0x3C,0x00,0x00,0x3C,0x00,0x00,0x3C,0x00,0x00,0x08,0x00,0x00,0x00,0x00,0x00,0x00,0x00,0x00,0x00,0x00},/*"-",13*/
{0x00,0x00,0x00,0x00,0x00,0x00,0x00,0x00,0x00,0x00,0x00,0x00,0x00,0x00,0x00,0x00,0x00,0x1C,0x00,0x00,0x00,0x00,0x00,0x00,0x00,0x00,0x00,0x00,0x00,0x00,0x00,0x00,0x00,0x00,0x00,0x00},/*".",14*/
{0x00,0x00,0x00,0x00,0x00,0x0F,0x00,0xC0,0x03,0x00,0xF0,0x01,0x00,0xF8,0x00,0x00,0x74,0x00,0x00,0x0F,0x00,0xC0,0x07,0x00,0xE0,0x03,0x00,0xF0,0x01,0x00,0x00,0x00,0x00,0x00,0x00,0x00},/*"/",15*/
{0x00,0x00,0x00,0xF8,0xF7,0x1F,0xEC,0xC3,0x33,0x1C,0x00,0x3C,0x1C,0x00,0x3C,0x1C,0x00,0x3C,0x1C,0x00,0x3C,0x1C,0x00,0x3C,0xEC,0xC3,0x33,0xFC,0xF7,0x3F,0x00,0x00,0x00,0x00,0x00,0x00},/*"0",16*/
{0x00,0x00,0x00,0x00,0x00,0x00,0x00,0x00,0x00,0x00,0x00,0x00,0x00,0x00,0x00,0x00,0x00,0x00,0x00,0x00,0x00,0x00,0x00,0x00,0xF0,0xC3,0x0F,0xFC,0xF7,0x3F,0x00,0x00,0x00,0x00,0x00,0x00},/*"1",17*/
{0x00,0x00,0x00,0x04,0xF0,0x1F,0x1C,0xC8,0x33,0x1C,0x3C,0x3C,0x1C,0x3C,0x3C,0x1C,0x3C,0x3C,0x1C,0x3C,0x3C,0x1C,0x3C,0x3C,0xEC,0x0B,0x3C,0xFC,0x07,0x30,0x00,0x00,0x00,0x00,0x00,0x00},/*"2",18*/
{0x00,0x00,0x00,0x04,0x00,0x20,0x1C,0x08,0x3C,0x1C,0x3C,0x3C,0x1C,0x3C,0x3C,0x1C,0x3C,0x3C,0x1C,0x3C,0x3C,0x1C,0x3C,0x3C,0xEC,0xCB,0x33,0xFC,0xF7,0x3F,0x00,0x00,0x00,0x00,0x00,0x00},/*"3",19*/
{0x00,0x00,0x00,0xFC,0x07,0x00,0xF0,0x0B,0x00,0x00,0x3C,0x00,0x00,0x3C,0x00,0x00,0x3C,0x00,0x00,0x3C,0x00,0x00,0x3C,0x00,0xF0,0xCB,0x0F,0xFC,0xF7,0x3F,0x00,0x00,0x00,0x00,0x00,0x00},/*"4",20*/
{0x00,0x00,0x00,0xF8,0x07,0x20,0xEC,0x0B,0x3C,0x1C,0x3C,0x3C,0x1C,0x3C,0x3C,0x1C,0x3C,0x3C,0x1C,0x3C,0x3C,0x1C,0x3C,0x3C,0x1C,0xC8,0x33,0x0C,0xF0,0x3F,0x00,0x00,0x00,0x00,0x00,0x00},/*"5",21*/
{0x00,0x00,0x00,0xF8,0xF7,0x1F,0xEC,0xCB,0x33,0x1C,0x3C,0x3C,0x1C,0x3C,0x3C,0x1C,0x3C,0x3C,0x1C,0x3C,0x3C,0x1C,0x3C,0x3C,0x0C,0xC8,0x33,0x04,0xF0,0x3F,0x00,0x00,0x00,0x00,0x00,0x00},/*"6",22*/
{0x00,0x00,0x00,0xF8,0x07,0x00,0xEC,0x03,0x00,0x1C,0x00,0x00,0x1C,0x00,0x00,0x1C,0x00,0x00,0x1C,0x00,0x00,0x1C,0x00,0x00,0xEC,0xC3,0x0F,0xFC,0xF7,0x3F,0x00,0x00,0x00,0x00,0x00,0x00},/*"7",23*/
{0x00,0x00,0x00,0xF8,0xF7,0x1F,0xEC,0xCB,0x33,0x1C,0x3C,0x3C,0x1C,0x3C,0x3C,0x1C,0x3C,0x3C,0x1C,0x3C,0x3C,0x1C,0x3C,0x3C,0xEC,0xCB,0x33,0xFC,0xF7,0x3F,0x00,0x00,0x00,0x00,0x00,0x00},/*"8",24*/
{0x00,0x00,0x00,0xF8,0x07,0x00,0xEC,0x0B,0x30,0x1C,0x3C,0x3C,0x1C,0x3C,0x3C,0x1C,0x3C,0x3C,0x1C,0x3C,0x3C,0x1C,0x3C,0x3C,0xEC,0xCB,0x33,0xFC,0xF7,0x3F,0x00,0x00,0x00,0x00,0x00,0x00},/*"9",25*/
{0x00,0x00,0x00,0x00,0x00,0x00,0x00,0x00,0x00,0x00,0x00,0x00,0x00,0x00,0x00,0x00,0xC3,0x00,0x00,0x00,0x00,0x00,0x00,0x00,0x00,0x00,0x00,0x00,0x00,0x00,0x00,0x00,0x00,0x00,0x00,0x00},/*":",26*/
{0x00,0x00,0x00,0x00,0x00,0x00,0x00,0x00,0x00,0x00,0x00,0x00,0x00,0x00,0x00,0x00,0x03,0x1C,0x00,0x00,0x60,0x00,0x00,0x00,0x00,0x00,0x00,0x00,0x00,0x00,0x00,0x00,0x00,0x00,0x00,0x00},/*";",27*/
{0x00,0x00,0x00,0x00,0x00,0x00,0x00,0x00,0x00,0x00,0x08,0x00,0x00,0x3C,0x00,0x00,0x7E,0x00,0xC0,0xC3,0x01,0xE0,0x81,0x03,0x00,0x00,0x00,0x00,0x00,0x00,0x00,0x00,0x00,0x00,0x00,0x00},/*"<",28*/
{0x00,0x00,0x00,0x00,0x00,0x00,0x00,0x81,0x00,0xC0,0xC3,0x01,0xC0,0xC3,0x01,0xC0,0xC3,0x01,0xC0,0xC3,0x01,0xC0,0xC3,0x01,0x00,0x81,0x00,0x00,0x00,0x00,0x00,0x00,0x00,0x00,0x00,0x00},/*"=",29*/
{0x00,0x00,0x00,0x00,0x00,0x00,0x00,0x00,0x00,0x00,0x00,0x00,0xE0,0x81,0x03,0xC0,0xC3,0x01,0x00,0x7E,0x00,0x00,0x3C,0x00,0x00,0x08,0x00,0x00,0x00,0x00,0x00,0x00,0x00,0x00,0x00,0x00},/*">",30*/
{0x00,0x00,0x00,0x04,0x00,0x00,0x1C,0x08,0x00,0x1C,0x3C,0x00,0x1C,0x3C,0x3C,0x1C,0x3C,0x3C,0x1C,0x3C,0x3C,0x1C,0x3C,0x00,0xEC,0x0B,0x00,0xFC,0x07,0x00,0x00,0x00,0x00,0x00,0x00,0x00},/*"?",31*/
{0x00,0x00,0x00,0xF8,0xF7,0x1F,0xEC,0xC3,0x33,0x1C,0x00,0x3C,0x1C,0xF7,0x3C,0xDC,0xF7,0x3D,0xDC,0xC3,0x3D,0x1C,0x00,0x3C,0xEC,0xF7,0x3D,0xFC,0xF7,0x31,0x00,0x00,0x00,0x00,0x00,0x00},/*"@",32*/
{0x00,0x00,0x00,0xF8,0xF7,0x3F,0xEC,0xCB,0x1F,0x1C,0x3C,0x00,0x1C,0x3C,0x00,0x1C,0x3C,0x00,0x1C,0x3C,0x00,0x1C,0x3C,0x00,0xEC,0xCB,0x1F,0xFC,0xF7,0x3F,0x00,0x00,0x00,0x00,0x00,0x00},/*"A",33*/
{0x00,0x00,0x00,0xF8,0xF7,0x1F,0xEC,0xCB,0x33,0x1C,0x3C,0x3C,0x1C,0x3C,0x3C,0x1C,0x3C,0x3C,0x1C,0x3C,0x3C,0x1C,0x3C,0x3C,0xE8,0xCB,0x13,0xF0,0xF7,0x0F,0x00,0x00,0x00,0x00,0x00,0x00},/*"B",34*/
{0x00,0x00,0x00,0xF8,0xF7,0x1F,0xEC,0xC3,0x33,0x1C,0x00,0x3C,0x1C,0x00,0x3C,0x1C,0x00,0x3C,0x1C,0x00,0x3C,0x1C,0x00,0x3C,0x1C,0x00,0x3C,0x0C,0x00,0x30,0x00,0x00,0x00,0x00,0x00,0x00},/*"C",35*/
{0x00,0x00,0x00,0xF8,0xF7,0x1F,0xEC,0xC3,0x33,0x1C,0x00,0x3C,0x1C,0x00,0x3C,0x1C,0x00,0x3C,0x1C,0x00,0x3C,0x1C,0x00,0x3C,0xE8,0xC3,0x13,0xF0,0xF7,0x0F,0x00,0x00,0x00,0x00,0x00,0x00},/*"D",36*/
{0x00,0x00,0x00,0xF8,0xF7,0x1F,0xEC,0xCB,0x33,0x1C,0x3C,0x3C,0x1C,0x3C,0x3C,0x1C,0x3C,0x3C,0x1C,0x3C,0x3C,0x1C,0x3C,0x3C,0x1C,0x08,0x3C,0x0C,0x00,0x30,0x00,0x00,0x00,0x00,0x00,0x00},/*"E",37*/
{0x00,0x00,0x00,0xF8,0xF7,0x3F,0xEC,0xCB,0x1F,0x1C,0x3C,0x00,0x1C,0x3C,0x00,0x1C,0x3C,0x00,0x1C,0x3C,0x00,0x1C,0x3C,0x00,0x1C,0x08,0x00,0x0C,0x00,0x00,0x00,0x00,0x00,0x00,0x00,0x00},/*"F",38*/
{0x00,0x00,0x00,0xF8,0xF7,0x1F,0xEC,0xC3,0x33,0x1C,0x00,0x3C,0x1C,0x00,0x3C,0x1C,0x08,0x3C,0x1C,0x3C,0x3C,0x1C,0x3C,0x3C,0x0C,0xC8,0x33,0x04,0xF0,0x3F,0x00,0x00,0x00,0x00,0x00,0x00},/*"G",39*/
{0x00,0x00,0x00,0xFC,0xF7,0x3F,0xF8,0xCB,0x1F,0x00,0x3C,0x00,0x00,0x3C,0x00,0x00,0x3C,0x00,0x00,0x3C,0x00,0x00,0x3C,0x00,0xF8,0xCB,0x1F,0xFC,0xF7,0x3F,0x00,0x00,0x00,0x00,0x00,0x00},/*"H",40*/
{0x00,0x00,0x00,0x00,0x00,0x00,0x1C,0x00,0x3C,0x1C,0x00,0x3C,0xEC,0xF7,0x33,0xF4,0xFF,0x2F,0x1C,0x00,0x3C,0x1C,0x00,0x3C,0x00,0x00,0x00,0x00,0x00,0x00,0x00,0x00,0x00,0x00,0x00,0x00},/*"I",41*/
{0x00,0x00,0x00,0x00,0xF0,0x1F,0x0C,0xC0,0x33,0x1C,0x00,0x3C,0x1C,0x00,0x3C,0x1C,0x00,0x3C,0x1C,0x00,0x3C,0x1C,0x00,0x3C,0xEC,0xC3,0x33,0xFC,0xF7,0x3F,0x00,0x00,0x00,0x00,0x00,0x00},/*"J",42*/
{0x00,0x00,0x00,0xFC,0xF7,0x3F,0xF8,0xCB,0x1F,0x00,0x3C,0x00,0x00,0x3C,0x00,0x00,0xCB,0x00,0xE0,0xC3,0x03,0xF0,0x81,0x0F,0xF8,0x00,0x1F,0x3C,0x00,0x3E,0x00,0x00,0x00,0x00,0x00,0x00},/*"K",43*/
{0x00,0x00,0x00,0xFC,0xF7,0x1F,0xF0,0xC3,0x33,0x00,0x00,0x3C,0x00,0x00,0x3C,0x00,0x00,0x3C,0x00,0x00,0x3C,0x00,0x00,0x3C,0x00,0x00,0x30,0x00,0x00,0x20,0x00,0x00,0x00,0x00,0x00,0x00},/*"L",44*/
{0x00,0x00,0x00,0xFC,0xF7,0x3F,0xF0,0xC3,0x1F,0x00,0x00,0x00,0xC0,0x07,0x00,0x00,0x3F,0x00,0x00,0x0F,0x00,0xC0,0x07,0x00,0x00,0x00,0x00,0xF0,0xC3,0x1F,0xFC,0xF7,0x3F,0x00,0x00,0x00},/*"M",45*/
{0x00,0x00,0x00,0xFC,0xF7,0x3F,0xF8,0xC3,0x1F,0x00,0x00,0x00,0x00,0x0F,0x00,0x00,0x3E,0x00,0x00,0xF8,0x00,0x00,0x00,0x00,0xF8,0xC3,0x1F,0xFC,0xF7,0x3F,0x00,0x00,0x00,0x00,0x00,0x00},/*"N",46*/
{0x00,0x00,0x00,0xF8,0xF7,0x1F,0xEC,0xC3,0x33,0x1C,0x00,0x3C,0x1C,0x00,0x3C,0x1C,0x00,0x3C,0x1C,0x00,0x3C,0x1C,0x00,0x3C,0xEC,0xC3,0x33,0xFC,0xF7,0x3F,0x00,0x00,0x00,0x00,0x00,0x00},/*"O",47*/
{0x00,0x00,0x00,0xF8,0xF7,0x3F,0xEC,0xCB,0x1F,0x1C,0x3C,0x00,0x1C,0x3C,0x00,0x1C,0x3C,0x00,0x1C,0x3C,0x00,0x1C,0x3C,0x00,0xEC,0x0B,0x00,0xFC,0x07,0x00,0x00,0x00,0x00,0x00,0x00,0x00},/*"P",48*/
{0x00,0x00,0x00,0xF8,0xF7,0x1F,0xEC,0xC3,0x33,0x1C,0x00,0x3C,0x1C,0x00,0x3C,0x1C,0x00,0x3C,0x1C,0x00,0x3C,0x1C,0x00,0x1C,0xEC,0xC3,0x23,0xFC,0xF7,0x73,0x00,0x00,0x60,0x00,0x00,0x00},/*"Q",49*/
{0x00,0x00,0x00,0xF8,0xF7,0x3F,0xEC,0xCB,0x1F,0x1C,0x3C,0x00,0x1C,0x3C,0x00,0x1C,0x3C,0x00,0x1C,0xBC,0x03,0x1C,0xBC,0x0F,0xEC,0x0B,0x1F,0xFC,0x07,0x3E,0x00,0x00,0x00,0x00,0x00,0x00},/*"R",50*/
{0x00,0x00,0x00,0xF0,0x07,0x30,0xE8,0x0B,0x3C,0x1C,0x3C,0x3C,0x1C,0x3C,0x3C,0x1C,0x3C,0x3C,0x1C,0x3C,0x3C,0x1C,0x3C,0x3C,0x1C,0xC8,0x13,0x1C,0xF0,0x0F,0x00,0x00,0x00,0x00,0x00,0x00},/*"S",51*/
{0x00,0x00,0x00,0x0C,0x00,0x00,0x1C,0x00,0x00,0x1C,0x00,0x00,0xDC,0xF7,0x3F,0xEC,0xFF,0x3F,0x1C,0x00,0x00,0x1C,0x00,0x00,0x1C,0x00,0x00,0x0C,0x00,0x00,0x00,0x00,0x00,0x00,0x00,0x00},/*"T",52*/
{0x00,0x00,0x00,0xFC,0xF7,0x1F,0xF8,0xC3,0x33,0x00,0x00,0x3C,0x00,0x00,0x3C,0x00,0x00,0x3C,0x00,0x00,0x3C,0x00,0x00,0x3C,0xF8,0xC3,0x33,0xFC,0xF7,0x3F,0x00,0x00,0x00,0x00,0x00,0x00},/*"U",53*/
{0x00,0x00,0x00,0xFC,0xF7,0x00,0xF8,0xC3,0x03,0x00,0x80,0x0F,0x00,0x00,0x13,0x00,0x00,0x3C,0x00,0x00,0x13,0x00,0x80,0x0F,0xF8,0xC3,0x03,0xFC,0xF7,0x01,0x00,0x00,0x00,0x00,0x00,0x00},/*"V",54*/
{0x00,0x00,0x00,0xFC,0xF7,0x1F,0xF8,0xC3,0x33,0x00,0x00,0x3C,0x00,0x00,0x3C,0xE0,0xFF,0x3F,0xC0,0xF7,0x3D,0x00,0x00,0x3C,0x00,0x00,0x3C,0xF8,0xC3,0x33,0xFC,0xF7,0x1F,0x00,0x00,0x00},/*"W",55*/
{0x00,0x00,0x00,0x1C,0x00,0x3C,0xF8,0x00,0x1F,0xF0,0x81,0x0F,0xE0,0xC3,0x03,0xC0,0xFF,0x01,0xC0,0xBD,0x01,0xE0,0xC3,0x03,0xF0,0x81,0x0F,0xF8,0x00,0x1F,0x1C,0x00,0x3C,0x00,0x00,0x00},/*"X",56*/
{0x00,0x00,0x00,0xFC,0x07,0x20,0xF8,0x0B,0x3C,0x00,0x3C,0x3C,0x00,0x3C,0x3C,0x00,0x3C,0x3C,0x00,0x3C,0x3C,0x00,0x3C,0x3C,0xF8,0xCB,0x33,0xFC,0xF7,0x3F,0x00,0x00,0x00,0x00,0x00,0x00},/*"Y",57*/
{0x00,0x00,0x00,0x0C,0x00,0x1F,0x1C,0xC0,0x33,0x1C,0xF0,0x3D,0x1C,0xF8,0x3C,0x1C,0x74,0x3C,0x1C,0x0F,0x3C,0xDC,0x07,0x3C,0xEC,0x03,0x3C,0xFC,0x01,0x3C,0x00,0x00,0x00,0x00,0x00,0x00},/*"Z",58*/
{0x00,0x00,0x00,0xF8,0xF7,0x3F,0xEC,0xC3,0x6F,0x1C,0x00,0x70,0x0C,0x00,0x60,0x04,0x00,0x40,0x00,0x00,0x00,0x00,0x00,0x00,0x00,0x00,0x00,0x00,0x00,0x00,0x00,0x00,0x00,0x00,0x00,0x00},/*"[",59*/
{0x00,0x00,0x00,0xF0,0x00,0x00,0xE0,0x03,0x00,0xC0,0x07,0x00,0x00,0x0F,0x00,0x00,0x3E,0x00,0x00,0xF8,0x00,0x00,0xF0,0x01,0x00,0xC0,0x03,0x00,0x80,0x0F,0x00,0x00,0x00,0x00,0x00,0x00},/*"\",60*/
{0x00,0x00,0x00,0x00,0x00,0x00,0x00,0x00,0x00,0x00,0x00,0x00,0x00,0x00,0x00,0x00,0x00,0x00,0x0C,0x00,0x60,0x1C,0x00,0x70,0xEC,0xC3,0x6F,0xFC,0xF7,0x7F,0x00,0x00,0x00,0x00,0x00,0x00},/*"]",61*/
{0x00,0x00,0x00,0x00,0x01,0x00,0xE0,0x01,0x00,0xF0,0x00,0x00,0x38,0x00,0x00,0x1C,0x00,0x00,0xF0,0x00,0x00,0xE0,0x01,0x00,0xC0,0x01,0x00,0x00,0x01,0x00,0x00,0x00,0x00,0x00,0x00,0x00},/*"^",62*/
{0x00,0x00,0x00,0x00,0x00,0x20,0x00,0x00,0x3C,0x00,0x00,0x3C,0x00,0x00,0x3C,0x00,0x00,0x3C,0x00,0x00,0x3C,0x00,0x00,0x3C,0x00,0x00,0x3C,0x00,0x00,0x30,0x00,0x00,0x00,0x00,0x00,0x00},/*"_",63*/
{0x00,0x00,0x00,0x00,0x00,0x00,0x00,0x00,0x00,0x00,0x00,0x00,0x0C,0x00,0x00,0x1C,0x00,0x00,0x30,0x00,0x00,0x00,0x00,0x00,0x00,0x00,0x00,0x00,0x00,0x00,0x00,0x00,0x00,0x00,0x00,0x00},/*"`",64*/
{0x00,0x00,0x00,0xF8,0xF7,0x3F,0xEC,0xCB,0x1F,0x1C,0x3C,0x00,0x1C,0x3C,0x00,0x1C,0x3C,0x00,0x1C,0x3C,0x00,0x1C,0x3C,0x00,0xEC,0xCB,0x1F,0xFC,0xF7,0x3F,0x00,0x00,0x00,0x00,0x00,0x00},/*"a",65*/
{0x00,0x00,0x00,0xF8,0xF7,0x1F,0xEC,0xCB,0x33,0x1C,0x3C,0x3C,0x1C,0x3C,0x3C,0x1C,0x3C,0x3C,0x1C,0x3C,0x3C,0x1C,0x3C,0x3C,0xE8,0xCB,0x13,0xF0,0xF7,0x0F,0x00,0x00,0x00,0x00,0x00,0x00},/*"b",66*/
{0x00,0x00,0x00,0xF8,0xF7,0x1F,0xEC,0xC3,0x33,0x1C,0x00,0x3C,0x1C,0x00,0x3C,0x1C,0x00,0x3C,0x1C,0x00,0x3C,0x1C,0x00,0x3C,0x1C,0x00,0x3C,0x0C,0x00,0x30,0x00,0x00,0x00,0x00,0x00,0x00},/*"c",67*/
{0x00,0x00,0x00,0xF8,0xF7,0x1F,0xEC,0xC3,0x33,0x1C,0x00,0x3C,0x1C,0x00,0x3C,0x1C,0x00,0x3C,0x1C,0x00,0x3C,0x1C,0x00,0x3C,0xE8,0xC3,0x13,0xF0,0xF7,0x0F,0x00,0x00,0x00,0x00,0x00,0x00},/*"d",68*/
{0x00,0x00,0x00,0xF8,0xF7,0x1F,0xEC,0xCB,0x33,0x1C,0x3C,0x3C,0x1C,0x3C,0x3C,0x1C,0x3C,0x3C,0x1C,0x3C,0x3C,0x1C,0x3C,0x3C,0x1C,0x08,0x3C,0x0C,0x00,0x30,0x00,0x00,0x00,0x00,0x00,0x00},/*"e",69*/
{0x00,0x00,0x00,0xF8,0xF7,0x3F,0xEC,0xCB,0x1F,0x1C,0x3C,0x00,0x1C,0x3C,0x00,0x1C,0x3C,0x00,0x1C,0x3C,0x00,0x1C,0x3C,0x00,0x1C,0x08,0x00,0x0C,0x00,0x00,0x00,0x00,0x00,0x00,0x00,0x00},/*"f",70*/
{0x00,0x00,0x00,0xF8,0xF7,0x1F,0xEC,0xC3,0x33,0x1C,0x00,0x3C,0x1C,0x00,0x3C,0x1C,0x08,0x3C,0x1C,0x3C,0x3C,0x1C,0x3C,0x3C,0x0C,0xC8,0x33,0x04,0xF0,0x3F,0x00,0x00,0x00,0x00,0x00,0x00},/*"g",71*/
{0x00,0x00,0x00,0xFC,0xF7,0x3F,0xF8,0xCB,0x1F,0x00,0x3C,0x00,0x00,0x3C,0x00,0x00,0x3C,0x00,0x00,0x3C,0x00,0x00,0x3C,0x00,0xF8,0xCB,0x1F,0xFC,0xF7,0x3F,0x00,0x00,0x00,0x00,0x00,0x00},/*"h",72*/
{0x00,0x00,0x00,0x00,0x00,0x00,0x1C,0x00,0x3C,0x1C,0x00,0x3C,0xEC,0xF7,0x33,0xF4,0xFF,0x2F,0x1C,0x00,0x3C,0x1C,0x00,0x3C,0x00,0x00,0x00,0x00,0x00,0x00,0x00,0x00,0x00,0x00,0x00,0x00},/*"i",73*/
{0x00,0x00,0x00,0x00,0xF0,0x1F,0x0C,0xC0,0x33,0x1C,0x00,0x3C,0x1C,0x00,0x3C,0x1C,0x00,0x3C,0x1C,0x00,0x3C,0x1C,0x00,0x3C,0xEC,0xC3,0x33,0xFC,0xF7,0x3F,0x00,0x00,0x00,0x00,0x00,0x00},/*"j",74*/
{0x00,0x00,0x00,0xFC,0xF7,0x3F,0xF8,0xCB,0x1F,0x00,0x3C,0x00,0x00,0x3C,0x00,0x00,0xCB,0x00,0xE0,0xC3,0x03,0xF0,0x81,0x0F,0xF8,0x00,0x1F,0x3C,0x00,0x3E,0x00,0x00,0x00,0x00,0x00,0x00},/*"k",75*/
{0x00,0x00,0x00,0xFC,0xF7,0x1F,0xF0,0xC3,0x33,0x00,0x00,0x3C,0x00,0x00,0x3C,0x00,0x00,0x3C,0x00,0x00,0x3C,0x00,0x00,0x3C,0x00,0x00,0x30,0x00,0x00,0x20,0x00,0x00,0x00,0x00,0x00,0x00},/*"l",76*/
{0x00,0x00,0x00,0xFC,0xF7,0x3F,0xF0,0xC3,0x1F,0x00,0x00,0x00,0xC0,0x07,0x00,0x00,0x3F,0x00,0x00,0x0F,0x00,0xC0,0x07,0x00,0x00,0x00,0x00,0xF0,0xC3,0x1F,0xFC,0xF7,0x3F,0x00,0x00,0x00},/*"m",77*/
{0x00,0x00,0x00,0xFC,0xF7,0x3F,0xF8,0xC3,0x1F,0x00,0x00,0x00,0x00,0x0F,0x00,0x00,0x3E,0x00,0x00,0xF8,0x00,0x00,0x00,0x00,0xF8,0xC3,0x1F,0xFC,0xF7,0x3F,0x00,0x00,0x00,0x00,0x00,0x00},/*"n",78*/
{0x00,0x00,0x00,0xF8,0xF7,0x1F,0xEC,0xC3,0x33,0x1C,0x00,0x3C,0x1C,0x00,0x3C,0x1C,0x00,0x3C,0x1C,0x00,0x3C,0x1C,0x00,0x3C,0xEC,0xC3,0x33,0xFC,0xF7,0x3F,0x00,0x00,0x00,0x00,0x00,0x00},/*"o",79*/
{0x00,0x00,0x00,0xF8,0xF7,0x3F,0xEC,0xCB,0x1F,0x1C,0x3C,0x00,0x1C,0x3C,0x00,0x1C,0x3C,0x00,0x1C,0x3C,0x00,0x1C,0x3C,0x00,0xEC,0x0B,0x00,0xFC,0x07,0x00,0x00,0x00,0x00,0x00,0x00,0x00},/*"p",80*/
{0x00,0x00,0x00,0xF8,0xF7,0x1F,0xEC,0xC3,0x33,0x1C,0x00,0x3C,0x1C,0x00,0x3C,0x1C,0x00,0x3C,0x1C,0x00,0x3C,0x1C,0x00,0x1C,0xEC,0xC3,0x23,0xFC,0xF7,0x73,0x00,0x00,0x60,0x00,0x00,0x00},/*"q",81*/
{0x00,0x00,0x00,0xF8,0xF7,0x3F,0xEC,0xCB,0x1F,0x1C,0x3C,0x00,0x1C,0x3C,0x00,0x1C,0x3C,0x00,0x1C,0xBC,0x03,0x1C,0xBC,0x0F,0xEC,0x0B,0x1F,0xFC,0x07,0x3E,0x00,0x00,0x00,0x00,0x00,0x00},/*"r",82*/
{0x00,0x00,0x00,0xF0,0x07,0x30,0xE8,0x0B,0x3C,0x1C,0x3C,0x3C,0x1C,0x3C,0x3C,0x1C,0x3C,0x3C,0x1C,0x3C,0x3C,0x1C,0x3C,0x3C,0x1C,0xC8,0x13,0x1C,0xF0,0x0F,0x00,0x00,0x00,0x00,0x00,0x00},/*"s",83*/
{0x00,0x00,0x00,0x0C,0x00,0x00,0x1C,0x00,0x00,0x1C,0x00,0x00,0xDC,0xF7,0x3F,0xEC,0xFF,0x3F,0x1C,0x00,0x00,0x1C,0x00,0x00,0x1C,0x00,0x00,0x0C,0x00,0x00,0x00,0x00,0x00,0x00,0x00,0x00},/*"t",84*/
{0x00,0x00,0x00,0xFC,0xF7,0x1F,0xF8,0xC3,0x33,0x00,0x00,0x3C,0x00,0x00,0x3C,0x00,0x00,0x3C,0x00,0x00,0x3C,0x00,0x00,0x3C,0xF8,0xC3,0x33,0xFC,0xF7,0x3F,0x00,0x00,0x00,0x00,0x00,0x00},/*"u",85*/
{0x00,0x00,0x00,0xFC,0xF7,0x00,0xF8,0xC3,0x03,0x00,0x80,0x0F,0x00,0x00,0x13,0x00,0x00,0x3C,0x00,0x00,0x13,0x00,0x80,0x0F,0xF8,0xC3,0x03,0xFC,0xF7,0x01,0x00,0x00,0x00,0x00,0x00,0x00},/*"v",86*/
{0x00,0x00,0x00,0xFC,0xF7,0x1F,0xF8,0xC3,0x33,0x00,0x00,0x3C,0x00,0x00,0x3C,0xE0,0xFF,0x3F,0xC0,0xF7,0x3D,0x00,0x00,0x3C,0x00,0x00,0x3C,0xF8,0xC3,0x33,0xFC,0xF7,0x1F,0x00,0x00,0x00},/*"w",87*/
{0x00,0x00,0x00,0x1C,0x00,0x3C,0xF8,0x00,0x1F,0xF0,0x81,0x0F,0xE0,0xC3,0x03,0xC0,0xFF,0x01,0xC0,0xBD,0x01,0xE0,0xC3,0x03,0xF0,0x81,0x0F,0xF8,0x00,0x1F,0x1C,0x00,0x3C,0x00,0x00,0x00},/*"x",88*/
{0x00,0x00,0x00,0xFC,0x07,0x20,0xF8,0x0B,0x3C,0x00,0x3C,0x3C,0x00,0x3C,0x3C,0x00,0x3C,0x3C,0x00,0x3C,0x3C,0x00,0x3C,0x3C,0xF8,0xCB,0x33,0xFC,0xF7,0x3F,0x00,0x00,0x00,0x00,0x00,0x00},/*"y",89*/
{0x00,0x00,0x00,0x0C,0x00,0x1F,0x1C,0xC0,0x33,0x1C,0xF0,0x3D,0x1C,0xF8,0x3C,0x1C,0x74,0x3C,0x1C,0x0F,0x3C,0xDC,0x07,0x3C,0xEC,0x03,0x3C,0xFC,0x01,0x3C,0x00,0x00,0x00,0x00,0x00,0x00},/*"z",90*/
{0x00,0x3C,0x00,0xF8,0x7E,0x1F,0xEC,0xCB,0x33,0x1C,0x00,0x3C,0x0C,0x00,0x30,0x04,0x00,0x20,0x00,0x00,0x00,0x00,0x00,0x00,0x00,0x00,0x00,0x00,0x00,0x00,0x00,0x00,0x00,0x00,0x00,0x00},/*"{",91*/
{0x00,0x00,0x00,0x00,0x00,0x00,0x00,0x00,0x00,0x00,0x00,0x00,0xFC,0xF7,0x3F,0xFC,0xFF,0x3F,0x00,0x00,0x00,0x00,0x00,0x00,0x00,0x00,0x00,0x00,0x00,0x00,0x00,0x00,0x00,0x00,0x00,0x00},/*"|",92*/
{0x00,0x00,0x00,0x00,0x00,0x00,0x00,0x00,0x00,0x00,0x00,0x00,0x00,0x00,0x00,0x00,0x00,0x00,0x0C,0x00,0x30,0x1C,0x00,0x3C,0xEC,0xCB,0x33,0xFC,0xFF,0x3F,0x00,0x3C,0x00,0x00,0x00,0x00},/*"}",93*/
{0x00,0x00,0x00,0xF0,0x07,0x00,0xD8,0x01,0x00,0x38,0x00,0x00,0x38,0x00,0x00,0xD8,0x03,0x00,0xF0,0x06,0x00,0x00,0x07,0x00,0x00,0x07,0x00,0xE0,0x06,0x00,0xF8,0x03,0x00,0x00,0x00,0x00},/*"~",94*/
};
/**/
const char font_consola_1608[95][16] = {
{0x00,0x00,0x00,0x00,0x00,0x00,0x00,0x00,0x00,0x00,0x00,0x00,0x00,0x00,0x00,0x00},/*" ",0*/
{0x00,0x00,0x00,0x00,0x00,0x00,0xF8,0x11,0xF8,0x1B,0x00,0x00,0x00,0x00,0x00,0x00},/*"!",1*/
{0x00,0x00,0x00,0x00,0x78,0x00,0x08,0x00,0x00,0x00,0x78,0x00,0x00,0x00,0x00,0x00},/*""",2*/
{0x00,0x00,0x40,0x04,0xE0,0x1F,0x50,0x04,0x40,0x04,0xF0,0x1F,0x50,0x04,0x40,0x00},/*"#",3*/
{0x00,0x00,0xE0,0x10,0xB0,0x10,0x10,0x7F,0xF8,0x11,0x10,0x13,0x10,0x0E,0x00,0x00},/*"$",4*/
{0x30,0x10,0x58,0x18,0x48,0x04,0x70,0x03,0x80,0x0C,0x60,0x12,0x30,0x12,0x08,0x0C},/*"%",5*/
{0x00,0x04,0x60,0x1F,0xF0,0x11,0x90,0x11,0x90,0x16,0x70,0x1C,0x00,0x1F,0x00,0x10},/*"&",6*/
{0x00,0x00,0x00,0x00,0x00,0x00,0x78,0x00,0x78,0x00,0x00,0x00,0x00,0x00,0x00,0x00},/*"'",7*/
{0x00,0x00,0x00,0x00,0x80,0x07,0xE0,0x3F,0x30,0x60,0x08,0xC0,0x00,0x00,0x00,0x00},/*"(",8*/
{0x00,0x00,0x00,0x00,0x08,0x80,0x10,0x60,0xE0,0x38,0x80,0x0F,0x00,0x00,0x00,0x00},/*")",9*/
{0x00,0x00,0x80,0x00,0xA0,0x00,0x60,0x00,0xD8,0x01,0x60,0x00,0x90,0x00,0x00,0x00},/*"*",10*/
{0x00,0x00,0x00,0x02,0x00,0x02,0xC0,0x1F,0xC0,0x1F,0x00,0x02,0x00,0x02,0x00,0x02},/*"+",11*/
{0x00,0x00,0x00,0x00,0x00,0x40,0x00,0x58,0x00,0x38,0x00,0x00,0x00,0x00,0x00,0x00},/*",",12*/
{0x00,0x00,0x00,0x00,0x00,0x02,0x00,0x02,0x00,0x02,0x00,0x02,0x00,0x00,0x00,0x00},/*"-",13*/
{0x00,0x00,0x00,0x00,0x00,0x00,0x00,0x18,0x00,0x18,0x00,0x00,0x00,0x00,0x00,0x00},/*".",14*/
{0x00,0x00,0x00,0x20,0x00,0x18,0x00,0x06,0xC0,0x01,0x70,0x00,0x18,0x00,0x00,0x00},/*"/",15*/
{0x00,0x00,0xE0,0x0F,0x30,0x1A,0x10,0x13,0x10,0x11,0xB0,0x18,0xE0,0x0F,0x80,0x03},/*"0",16*/
{0x00,0x00,0x60,0x10,0x20,0x10,0x30,0x10,0xF0,0x1F,0x00,0x10,0x00,0x10,0x00,0x00},/*"1",17*/
{0x00,0x00,0x20,0x10,0x10,0x18,0x10,0x14,0x10,0x12,0xF0,0x11,0xE0,0x10,0x00,0x00},/*"2",18*/
{0x00,0x00,0x10,0x10,0x10,0x11,0x10,0x11,0x10,0x11,0xF0,0x19,0x60,0x0E,0x00,0x00},/*"3",19*/
{0x00,0x04,0x00,0x07,0x80,0x05,0x60,0x04,0x30,0x04,0xF0,0x1F,0x00,0x04,0x00,0x04},/*"4",20*/
{0x00,0x00,0xF0,0x11,0xF0,0x11,0x10,0x11,0x10,0x11,0x10,0x19,0x10,0x0F,0x00,0x00},/*"5",21*/
{0x00,0x00,0xC0,0x0F,0x60,0x19,0x30,0x11,0x90,0x10,0x10,0x11,0x10,0x0F,0x00,0x00},/*"6",22*/
{0x00,0x00,0x10,0x00,0x10,0x10,0x10,0x1C,0x10,0x07,0xD0,0x01,0x70,0x00,0x00,0x00},/*"7",23*/
{0x00,0x00,0x60,0x0E,0xB0,0x12,0x90,0x11,0x10,0x11,0x90,0x13,0xE0,0x0E,0x00,0x00},/*"8",24*/
{0x00,0x00,0xE0,0x11,0x30,0x11,0x10,0x12,0x10,0x12,0x30,0x09,0xE0,0x07,0x00,0x00},/*"9",25*/
{0x00,0x00,0x00,0x00,0x00,0x00,0xC0,0x18,0xC0,0x18,0x00,0x00,0x00,0x00,0x00,0x00},/*":",26*/
{0x00,0x00,0x00,0x00,0x00,0x40,0xC0,0x58,0xC0,0x38,0x00,0x00,0x00,0x00,0x00,0x00},/*";",27*/
{0x00,0x00,0x00,0x02,0x00,0x03,0x80,0x05,0x80,0x08,0x40,0x18,0x00,0x10,0x00,0x00},/*"<",28*/
{0x00,0x00,0x00,0x05,0x00,0x05,0x00,0x05,0x00,0x05,0x00,0x05,0x00,0x05,0x00,0x00},/*"=",29*/
{0x00,0x00,0x00,0x00,0x40,0x10,0xC0,0x08,0x80,0x04,0x00,0x07,0x00,0x02,0x00,0x00},/*">",30*/
{0x00,0x00,0x00,0x00,0x08,0x00,0x18,0x1B,0x10,0x01,0xF0,0x00,0xE0,0x00,0x00,0x00},/*"?",31*/
{0x80,0x3F,0xE0,0x60,0x10,0x8F,0x88,0x91,0x88,0x88,0x88,0x9F,0x10,0x08,0xE0,0x0F},/*"@",32*/
{0x00,0x10,0x00,0x1E,0xC0,0x07,0x70,0x04,0x30,0x04,0xE0,0x05,0x00,0x0F,0x00,0x18},/*"A",33*/
{0x00,0x00,0xF0,0x1F,0x10,0x11,0x10,0x11,0x10,0x11,0xB0,0x11,0xE0,0x0E,0x00,0x00},/*"B",34*/
{0x00,0x00,0xC0,0x0F,0x20,0x18,0x10,0x10,0x10,0x10,0x10,0x10,0x10,0x10,0x00,0x00},/*"C",35*/
{0x00,0x00,0xF0,0x1F,0x10,0x10,0x10,0x10,0x10,0x10,0x30,0x08,0xE0,0x0F,0x80,0x03},/*"D",36*/
{0x00,0x00,0xF0,0x1F,0xF0,0x1F,0x10,0x11,0x10,0x11,0x10,0x11,0x10,0x11,0x00,0x00},/*"E",37*/
{0x00,0x00,0xF0,0x1F,0xF0,0x1F,0x10,0x01,0x10,0x01,0x10,0x01,0x10,0x01,0x00,0x00},/*"F",38*/
{0x00,0x01,0xE0,0x0F,0x20,0x18,0x10,0x10,0x10,0x11,0x10,0x11,0x10,0x1F,0x00,0x00},/*"G",39*/
{0x00,0x00,0xF0,0x1F,0x00,0x01,0x00,0x01,0x00,0x01,0x00,0x01,0xF0,0x1F,0x00,0x00},/*"H",40*/
{0x00,0x00,0x10,0x10,0x10,0x10,0xF0,0x1F,0xF0,0x1F,0x10,0x10,0x10,0x10,0x00,0x00},/*"I",41*/
{0x00,0x00,0x10,0x18,0x10,0x10,0x10,0x10,0x10,0x10,0xF0,0x0F,0x00,0x00,0x00,0x00},/*"J",42*/
{0x00,0x00,0xF0,0x1F,0x00,0x01,0x80,0x03,0x40,0x06,0x20,0x0C,0x10,0x10,0x00,0x00},/*"K",43*/
{0x00,0x00,0x00,0x00,0xF0,0x1F,0x00,0x10,0x00,0x10,0x00,0x10,0x00,0x10,0x00,0x00},/*"L",44*/
{0x00,0x1C,0xF0,0x1F,0x70,0x00,0x80,0x03,0x80,0x03,0xE0,0x00,0xF0,0x03,0xC0,0x1F},/*"M",45*/
{0x00,0x00,0xF0,0x1F,0x70,0x00,0xC0,0x01,0x00,0x07,0x00,0x1C,0xF0,0x1F,0x00,0x00},/*"N",46*/
{0x80,0x03,0xE0,0x0F,0x30,0x18,0x10,0x10,0x10,0x10,0x10,0x10,0xE0,0x0F,0xC0,0x07},/*"O",47*/
{0x00,0x00,0xF0,0x1F,0x10,0x02,0x10,0x02,0x10,0x02,0x30,0x01,0xE0,0x01,0x00,0x00},/*"P",48*/
{0x80,0x03,0xE0,0x0F,0x30,0x18,0x10,0x30,0x10,0x70,0x10,0x50,0xE0,0x4F,0xC0,0x47},/*"Q",49*/
{0x00,0x00,0xF0,0x1F,0xF0,0x1F,0x10,0x01,0x10,0x03,0xB0,0x0F,0xE0,0x18,0x00,0x00},/*"R",50*/
{0x00,0x00,0xE0,0x10,0xB0,0x10,0x10,0x11,0x10,0x11,0x10,0x13,0x10,0x0E,0x00,0x00},/*"S",51*/
{0x00,0x00,0x10,0x00,0x10,0x00,0xF0,0x1F,0xF0,0x1F,0x10,0x00,0x10,0x00,0x10,0x00},/*"T",52*/
{0x00,0x00,0xF0,0x0F,0x00,0x18,0x00,0x10,0x00,0x10,0x00,0x10,0xF0,0x0F,0x00,0x00},/*"U",53*/
{0x10,0x00,0xF0,0x00,0x80,0x07,0x00,0x1C,0x00,0x18,0x00,0x0F,0xE0,0x01,0x30,0x00},/*"V",54*/
{0x30,0x00,0xF0,0x1F,0x00,0x1C,0x00,0x07,0x80,0x03,0x00,0x1C,0x00,0x1F,0xF0,0x03},/*"W",55*/
{0x00,0x10,0x30,0x18,0x60,0x0C,0xC0,0x03,0x80,0x03,0x60,0x0E,0x30,0x18,0x10,0x10},/*"X",56*/
{0x10,0x00,0x70,0x00,0xC0,0x00,0x80,0x1F,0x00,0x1F,0xC0,0x01,0x60,0x00,0x10,0x00},/*"Y",57*/
{0x00,0x00,0x10,0x18,0x10,0x1C,0x10,0x13,0x90,0x11,0xD0,0x10,0x30,0x10,0x00,0x00},/*"Z",58*/
{0x00,0x00,0x00,0x00,0x00,0x00,0xF8,0xFF,0x08,0x80,0x08,0x80,0x00,0x00,0x00,0x00},/*"[",59*/
{0x00,0x00,0x08,0x00,0x30,0x00,0xC0,0x00,0x00,0x07,0x00,0x1C,0x00,0x30,0x00,0x00},/*"\",60*/
{0x00,0x00,0x00,0x00,0x08,0x80,0x08,0x80,0xF8,0xFF,0xF8,0xFF,0x00,0x00,0x00,0x00},/*"]",61*/
{0x00,0x00,0x80,0x00,0xC0,0x00,0x30,0x00,0x30,0x00,0x60,0x00,0x80,0x00,0x00,0x00},/*"^",62*/
{0x00,0x80,0x00,0x80,0x00,0x80,0x00,0x80,0x00,0x80,0x00,0x80,0x00,0x80,0x00,0x80},/*"_",63*/
{0x00,0x00,0x00,0x00,0x08,0x00,0x10,0x00,0x00,0x00,0x00,0x00,0x00,0x00,0x00,0x00},/*"`",64*/
{0x00,0x00,0x00,0x1C,0x40,0x12,0x40,0x12,0x40,0x12,0xC0,0x0A,0x80,0x1F,0x00,0x00},/*"a",65*/
{0x00,0x00,0xF8,0x1F,0x80,0x10,0x40,0x10,0x40,0x10,0x40,0x10,0x80,0x0F,0x00,0x00},/*"b",66*/
{0x00,0x00,0x00,0x07,0x80,0x1D,0x40,0x10,0x40,0x10,0x40,0x10,0x40,0x10,0x00,0x00},/*"c",67*/
{0x00,0x00,0x80,0x0F,0xC0,0x18,0x40,0x10,0x40,0x10,0x40,0x08,0xF8,0x1F,0x00,0x00},/*"d",68*/
{0x00,0x00,0x80,0x0F,0xC0,0x1A,0x40,0x12,0x40,0x12,0x40,0x12,0x80,0x13,0x00,0x00},/*"e",69*/
{0x00,0x00,0x80,0x00,0x80,0x00,0xF0,0x1F,0x98,0x00,0x88,0x00,0x88,0x00,0x08,0x00},/*"f",70*/
{0x00,0x00,0x80,0x6F,0xC0,0x92,0x40,0x94,0x40,0x94,0xC0,0x92,0xC0,0x73,0x40,0x20},/*"g",71*/
{0x00,0x00,0xF8,0x1F,0x80,0x00,0x40,0x00,0x40,0x00,0x40,0x00,0x80,0x1F,0x00,0x00},/*"h",72*/
{0x00,0x00,0x40,0x10,0x40,0x10,0x58,0x10,0xD8,0x1F,0x00,0x10,0x00,0x10,0x00,0x00},/*"i",73*/
{0x00,0x00,0x40,0x80,0x40,0x80,0x40,0x80,0x50,0xC0,0xD8,0x7F,0x00,0x00,0x00,0x00},/*"j",74*/
{0x00,0x00,0xF8,0x1F,0xF8,0x1F,0x00,0x03,0x80,0x05,0x80,0x08,0x40,0x10,0x00,0x00},/*"k",75*/
{0x00,0x00,0x08,0x10,0x08,0x10,0x08,0x10,0xF8,0x1F,0x00,0x10,0x00,0x10,0x00,0x00},/*"l",76*/
{0x00,0x00,0xC0,0x1F,0x40,0x00,0x40,0x00,0x80,0x1F,0x40,0x00,0xC0,0x1F,0x80,0x1F},/*"m",77*/
{0x00,0x00,0xC0,0x1F,0x80,0x00,0x40,0x00,0x40,0x00,0x40,0x00,0x80,0x1F,0x00,0x00},/*"n",78*/
{0x00,0x00,0x80,0x0F,0xC0,0x18,0x40,0x10,0x40,0x10,0x40,0x10,0x80,0x0F,0x00,0x02},/*"o",79*/
{0x00,0x00,0xC0,0xFF,0x80,0x10,0x40,0x10,0x40,0x10,0x40,0x10,0x80,0x0F,0x00,0x00},/*"p",80*/
{0x00,0x00,0x80,0x0F,0xC0,0x18,0x40,0x10,0x40,0x10,0x40,0x08,0xC0,0xFF,0x00,0x00},/*"q",81*/
{0x00,0x00,0xC0,0x1F,0xC0,0x1F,0x80,0x00,0x40,0x00,0x40,0x00,0xC0,0x01,0x00,0x01},/*"r",82*/
{0x00,0x00,0x00,0x10,0xC0,0x13,0x40,0x12,0x40,0x12,0x40,0x16,0x40,0x0C,0x00,0x00},/*"s",83*/
{0x40,0x00,0x40,0x00,0x40,0x00,0xF0,0x1F,0x40,0x10,0x40,0x10,0x40,0x10,0x00,0x00},/*"t",84*/
{0x00,0x00,0xC0,0x0F,0x00,0x18,0x00,0x10,0x00,0x10,0x00,0x08,0xC0,0x1F,0x00,0x00},/*"u",85*/
{0x00,0x00,0xC0,0x01,0x00,0x07,0x00,0x1C,0x00,0x18,0x00,0x07,0xC0,0x01,0x40,0x00},/*"v",86*/
{0xC0,0x00,0xC0,0x1F,0x00,0x18,0x00,0x07,0x00,0x07,0x00,0x1C,0x00,0x1F,0xC0,0x01},/*"w",87*/
{0x00,0x00,0x40,0x10,0xC0,0x18,0x00,0x07,0x00,0x07,0x80,0x0D,0xC0,0x18,0x00,0x00},/*"x",88*/
{0x00,0x80,0xC0,0x81,0x00,0xC7,0x00,0x7C,0x00,0x38,0x00,0x0F,0xC0,0x01,0x40,0x00},/*"y",89*/
{0x00,0x00,0x40,0x10,0x40,0x18,0x40,0x16,0x40,0x13,0xC0,0x11,0xC0,0x10,0x00,0x00},/*"z",90*/
{0x00,0x00,0x00,0x02,0x00,0x03,0xF0,0x7F,0x18,0xC0,0x08,0x80,0x08,0x80,0x00,0x00},/*"{",91*/
{0x00,0x00,0x00,0x00,0x00,0x00,0x00,0x00,0xFC,0xFF,0x00,0x00,0x00,0x00,0x00,0x00},/*"|",92*/
{0x00,0x00,0x00,0x00,0x08,0x80,0x18,0xC0,0xF0,0x7F,0x00,0x03,0x00,0x02,0x00,0x00},/*"}",93*/
{0x00,0x00,0x00,0x03,0x00,0x01,0x00,0x01,0x00,0x02,0x00,0x04,0x00,0x06,0x00,0x03},/*"~",94*/
};
/**/
/**/
/**/


#endif
